barcode,layer
AAACAAGTATCTCCCA-1,Layer4
AAACACCAATAACTGC-1,Layer6
AAACAGAGCGACTCCT-1,Layer3
AAACAGCTTTCAGAAG-1,Layer4
AAACAGGGTCTATATT-1,Layer5
AAACATTTCCCGGATT-1,Layer5
AAACCCGAACGAAATC-1,Layer3
AAACCGGAAATGTTAA-1,Layer3
AAACCGGGTAGGTACC-1,Layer5
AAACCGTTCGTCCAGG-1,Layer6
AAACCTAAGCAGCCGG-1,WM
AAACCTCATGAAGTTG-1,Layer3
AAACGAAGAACATACC-1,Layer3
AAACGAGACGGTTGAT-1,Layer3
AAACTCGGTTCGCAAT-1,WM
AAACTCGTGATATAAG-1,Layer3
AAACTGCTGGCTCCAA-1,Layer5
AAACTTAATTGCACGC-1,Layer6
AAACTTGCAAACGTAT-1,Layer5
AAAGACCCAAGTCGCG-1,Layer3
AAAGACTGGGCGCTTT-1,Layer3
AAAGCTTGCCTACATA-1,Layer3
AAAGGCCCTATAATAC-1,Layer6
AAAGGCTACGGACCAT-1,WM
AAAGGCTCTCGCGCCG-1,Layer6
AAAGGGATGTAGCAAG-1,Layer3
AAAGGGCAGCTTGAAT-1,Layer3
AAAGTAGCATTGCTCA-1,Layer5
AAAGTCACTGATGTAA-1,Layer3
AAAGTCGACCCTCAGT-1,Layer3
AAAGTGTGATTTATCT-1,Layer3
AAAGTTGACTCCCGTA-1,Layer3
AAATAACCATACGGGA-1,Layer3
AAATAAGGTAGTGCCC-1,Layer3
AAATACCTATAAGCAT-1,Layer5
AAATAGCTTAGACTTT-1,Layer3
AAATAGGGTGCTATTG-1,Layer5
AAATCGTGTACCACAA-1,Layer5
AAATCTAGCCCTGCTA-1,Layer5
AAATGATTCGATCAGC-1,Layer3
AAATGCTCGTTACGTT-1,Layer3
AAATGGCATGTCTTGT-1,Layer3
AAATGGCCCGTGCCCT-1,Layer5
AAATGGTCAATGTGCC-1,Layer3
AAATGTATCTTATCCC-1,Layer3
AAATTAACGGGTAGCT-1,Layer3
AAATTACACGACTCTG-1,Layer3
AAATTACCTATCGATG-1,Layer3
AAATTCCAGGTCCAAA-1,Layer3
AAATTGATAGTCCTTT-1,Layer6
AAATTTACCGAAATCC-1,Layer3
AAATTTGCGGGTGTGG-1,Layer5
AACAACTGGTAGTTGC-1,Layer3
AACAATACATTGTCGA-1,WM
AACAATTACTCTACGC-1,Layer3
AACACACGCTCGCCGC-1,Layer5
AACACGACTGTACTGA-1,Layer3
AACACGAGACGCGGCC-1,Layer5
AACACGCGGCCGCGAA-1,Layer3
AACAGCTGTGTGGCAA-1,Layer6
AACAGGAAATCGAATA-1,Layer3
AACAGGATGGGCCGCG-1,Layer3
AACAGGTAGTATGGAT-1,Layer3
AACATATCAACTGGTG-1,Layer3
AACATTGTGACTCGAG-1,WM
AACCAAGACTTCTCTG-1,Layer3
AACCAGTATCACTCTT-1,Layer3
AACCATGGGATCGCTA-1,Layer3
AACCCAGAGACGGAGA-1,Layer3
AACCCATCCCATGATC-1,Layer5
AACCCGAGCAGAATCG-1,Layer5
AACCCTACTGTCAATA-1,Layer3
AACCCTGGTGGAACCA-1,Layer3
AACCGAGCTTGGTCAT-1,Layer3
AACCGCTAAGGGATGC-1,Layer4
AACCGTTGTGTTTGCT-1,Layer3
AACCTCGCTTTAGCCC-1,Layer6
AACCTGTCACGGAATT-1,Layer3
AACCTTTAAATACGGT-1,Layer6
AACCTTTACGACGTCT-1,Layer3
AACGAAAGTCGTCCCA-1,Layer5
AACGATAATGCCGTAG-1,Layer5
AACGATAGAAGGGCCG-1,Layer3
AACGATATGTCAACTG-1,Layer3
AACGCATGATCTGGGT-1,Layer3
AACGCGAACGGCAACA-1,Layer3
AACGCGGTCTCCAGCC-1,Layer3
AACGCTGTTGCTGAAA-1,Layer5
AACGGACGTACGTATA-1,Layer5
AACGGCCATCTCCGGT-1,Layer5
AACGTACTGTGGGTAC-1,Layer5
AACGTCAGACTAGTGG-1,Layer3
AACGTGATGAAGGACA-1,Layer3
AACGTGCGAAAGTCTC-1,Layer3
AACGTTATCAGCACCT-1,Layer3
AACTACCCGTTTGTCA-1,Layer3
AACTAGGCTTGGGTGT-1,Layer6
AACTCAAGTTAATTGC-1,Layer4
AACTCCAGAGCGTGTT-1,Layer5
AACTCCTAATCCCATG-1,Layer3
AACTCGATGGCGCAGT-1,Layer3
AACTCTCAATAGAGCG-1,Layer3
AACTCTCAGTGTGCTC-1,Layer6
AACTGAGTTATACTGA-1,Layer3
AACTGATATTAGGCCT-1,Layer3
AACTGGGTCCCGACGT-1,Layer3
AACTGGGTTCGAGCCG-1,Layer3
AACTGGTGTGGGCCTT-1,Layer3
AACTTCTGCGTCTATC-1,Layer3
AACTTGCCCGTATGCA-1,Layer3
AACTTGCGTTCTCGCG-1,Layer3
AACTTTAGCTGCTGAG-1,Layer3
AACTTTCTCGATCATG-1,Layer3
AAGAAATCACCAGATT-1,Layer3
AAGAAGGATCAGTTAG-1,Layer3
AAGACCCAACTGAACA-1,WM
AAGACTGCAAGCTACT-1,Layer3
AAGAGATGAATCGGTA-1,Layer3
AAGAGCTCTTTATCGG-1,Layer3
AAGAGGATGTACGCGA-1,Layer4
AAGAGGCATGGATCGC-1,Layer3
AAGAGGCCCTTTGGAA-1,Layer5
AAGATGGCACCGGACC-1,WM
AAGATTGGCGGAACGT-1,Layer3
AAGCACCCTGCGTATC-1,Layer6
AAGCATACTCTCCTGA-1,Layer6
AAGCCGAAGCGGTTTA-1,Layer3
AAGCCGCCGTGAAATC-1,Layer6
AAGCCGCTTTACCTTG-1,Layer3
AAGCGGCGTCATGGGT-1,Layer3
AAGCGTCCCTCATCGA-1,Layer6
AAGCTAGATCGAGTAA-1,Layer5
AAGCTCGTGCCAAGTC-1,Layer3
AAGCTCTTTCATGGTG-1,Layer6
AAGGAGAACTTATAAG-1,Layer3
AAGGAGCGGTTGGTGC-1,Layer3
AAGGATCGATCGCTTG-1,Layer3
AAGGATGAGGGACCTC-1,Layer3
AAGGCAGGCTGTCTCC-1,Layer3
AAGGCGCGTAAAGCTT-1,Layer3
AAGGCTGTGCTCATCG-1,Layer3
AAGGGAACGACTGGCT-1,Layer6
AAGGGACAGATTCTGT-1,Layer3
AAGGGACTATGCATTC-1,Layer6
AAGGTATCCTAATATA-1,Layer3
AAGGTGATAAACCAGC-1,Layer3
AAGTAGAAGACCGGGT-1,Layer3
AAGTAGTGACGCGAGG-1,Layer3
AAGTCAATTGTCGTCA-1,Layer3
AAGTCTAGTAGCTGCC-1,Layer3
AAGTGACGACCGAATT-1,Layer5
AAGTGAGTCGGGTTTA-1,WM
AAGTGCAAAGGTAGAC-1,Layer3
AAGTGCCTTGACTGTA-1,Layer3
AAGTGCGTTAGAATCT-1,Layer5
AAGTGTTTGGAGACGG-1,Layer5
AAGTTCACTCCAAGCT-1,Layer5
AAGTTCAGTCTGCGTA-1,Layer3
AAGTTCGGCCAACAGG-1,Layer5
AAGTTTACTAATGGCA-1,Layer3
AATAACAACGCTCGGC-1,Layer3
AATAACACTAGAACAA-1,Layer6
AATAAGTCCTCGAGAC-1,Layer3
AATAATCTTCGTATCG-1,Layer3
AATACAATGTTTCAGG-1,Layer3
AATAGAACAGAGTGGC-1,Layer6
AATAGAATCTGTTTCA-1,Layer5
AATAGCTACCGCGTGC-1,Layer3
AATAGTCCGTCCCGAC-1,Layer6
AATAGTCGCGAGTCGG-1,Layer3
AATATCAAGGTCGGAT-1,Layer3
AATATCGAATCAATGC-1,Layer3
AATATCGAGGGTTCTC-1,Layer3
AATATTGGAGTATTGA-1,Layer3
AATCATGTAAAGACTC-1,Layer5
AATCCAAGGGCCTGAG-1,Layer3
AATCCATGCAAGGGTG-1,Layer3
AATCGCCTCAGCGCCA-1,Layer3
AATCGCGCAGAGGACT-1,Layer3
AATCGGGACACTACGA-1,Layer3
AATCTAGGTTTACTTG-1,Layer5
AATCTATGCCGGAGCC-1,Layer3
AATCTCTACTGTGGTT-1,Layer3
AATCTGCGTTGGGACG-1,Layer3
AATCTGGCTTTCTAGT-1,Layer5
AATCTGGGTAGACCCT-1,Layer3
AATGACAGCAATGTCT-1,Layer5
AATGACGTAGGATGTC-1,Layer4
AATGACTGTCAGCCGG-1,Layer3
AATGAGTTCGCATATG-1,Layer3
AATGATGATACGCTAT-1,Layer3
AATGATGCGACTCCTG-1,Layer3
AATGCAACCGGGTACC-1,Layer3
AATGCACCAAGCAATG-1,Layer3
AATGGTCCACCGTTCA-1,Layer3
AATGGTTCTCACAAGC-1,Layer3
AATGTGCCCGAGGTGT-1,Layer6
AATGTGCTAATCTGAG-1,WM
AATTAAAGGTCGGCGT-1,Layer4
AATTAACGGATTTCCA-1,WM
AATTAGCGCTGCAGCG-1,Layer5
AATTCATAAGGGATCT-1,Layer3
AATTCATTGTCATGCA-1,Layer6
AATTCCAAGCATGTAC-1,WM
AATTCTAGAGTTAGGC-1,Layer5
AATTGAACGCTCTGGT-1,Layer4
AATTTGGGACATAGTA-1,Layer3
AATTTGGTTCCAAAGA-1,Layer3
ACAAACCATGCGTCCT-1,Layer6
ACAAAGCATGACCTAG-1,Layer6
ACAAATCGCACCGAAT-1,Layer5
ACAAATGGTAGTGTTT-1,Layer4
ACAAATTCAGATCTGA-1,Layer3
ACAACAGCATGAGCTA-1,Layer3
ACAACGGTCCCTGCGA-1,Layer3
ACAAGCAGTGCCTAGC-1,Layer3
ACAAGCTATATGGAAG-1,Layer3
ACAAGGAAATCCGCCC-1,Layer5
ACAAGGACAAGAGGTT-1,Layer3
ACAAGGATGCTTTAGG-1,Layer6
ACAAGGCCTACCAGCC-1,Layer3
ACAAGGGCAGGCTCTG-1,Layer4
ACAATAGTCGTACGTT-1,Layer4
ACAATCCATTTAAACC-1,Layer3
ACAATCGATCTTTATA-1,Layer3
ACAATGAATACGGAGA-1,Layer6
ACAATTGTGTCTCTTT-1,Layer5
ACAATTTAGGAGGCTC-1,Layer3
ACAATTTGAGCAGTGG-1,Layer3
ACAATTTGGCCATATT-1,Layer3
ACACAAAGACGGGTGG-1,Layer3
ACACACCAGGACCAGT-1,Layer3
ACACACTTTCTACACG-1,Layer3
ACACATGATCAAATCT-1,Layer6
ACACCACATAATTAGC-1,Layer3
ACACCCAGCATGCAGC-1,Layer3
ACACCCGAGAAATCCG-1,Layer3
ACACCGGTCTGACCGC-1,Layer6
ACACCTTAAGTAGGGC-1,Layer3
ACACCTTACTACTTGC-1,Layer3
ACACGAGACTCCTTCT-1,Layer3
ACACGGCACTATGCAT-1,Layer3
ACACGGGAACTTAGGG-1,Layer3
ACACGTAGGCCACAAG-1,Layer5
ACACTCCAATGTCACT-1,Layer3
ACACTGATCAAGGTGT-1,Layer6
ACACTGGGACAGTCGT-1,Layer5
ACAGAACTGAGAACAA-1,Layer5
ACAGATTAGGTTAGTG-1,Layer3
ACAGCATAGAGCCAGT-1,Layer3
ACAGCGACATTCTCAT-1,Layer5
ACAGCGCACCCGCAGC-1,Layer3
ACAGGCTTGCCCGACT-1,Layer5
ACAGGTGGAGGTGAGG-1,Layer5
ACAGGTGTGTTGTTGC-1,Layer3
ACAGTAATACAACTTG-1,Layer5
ACAGTATACCGTGGGA-1,Layer3
ACATAAGTCGTGGTGA-1,Layer6
ACATAATAAGGCGGTG-1,Layer3
ACATCAGCTGGGACGC-1,Layer3
ACATCCCGGCCATACG-1,Layer6
ACATCCTGGTAACTGT-1,Layer3
ACATCGATCGTTTACC-1,Layer4
ACATCGGTCAGCCGCG-1,Layer5
ACATCGTATGCAATGG-1,Layer4
ACATCGTTAACCTAGT-1,Layer3
ACATCTCAACGCGTAA-1,Layer3
ACATGGCGCCAAAGTA-1,Layer3
ACATTAGTTTATATCC-1,Layer6
ACCAAACTAGAAATCC-1,Layer3
ACCAACACCACACACT-1,Layer3
ACCAACGCTTATTTAT-1,Layer6
ACCAAGAACGCGTGTC-1,Layer3
ACCAATATGCAAGTTA-1,Layer6
ACCACAACTCAGAACA-1,Layer3
ACCACAAGTTTCTATC-1,Layer3
ACCACCAATGTAACAA-1,Layer3
ACCACCCTCTCTTCTA-1,Layer3
ACCACGTGCAGCTATA-1,Layer5
ACCAGACCATAACAAC-1,Layer3
ACCAGCCCGGTCTTTG-1,Layer3
ACCAGTGCCCGGTCAA-1,Layer3
ACCAGTGCGGGAGACG-1,Layer4
ACCATATCCGCAATAA-1,Layer4
ACCATCCGCCAACTAG-1,Layer4
ACCATCGTATATGGTA-1,Layer5
ACCCAACGCCCGTGGC-1,Layer3
ACCCACCTACATGCTC-1,Layer3
ACCCATCTTGAGGGTA-1,Layer4
ACCCATTTGTCCCTCT-1,Layer5
ACCCGAGCGAAATTAC-1,Layer6
ACCCGGAAACTCCCAG-1,Layer6
ACCCGGATGACGCATC-1,Layer3
ACCCGGTTACACTTCC-1,Layer5
ACCCGTGTCATCAGTA-1,WM
ACCCTATAGGACTGAG-1,Layer3
ACCCTATGCCATATCG-1,Layer6
ACCCTCCCTTGCTATT-1,Layer5
ACCCTGGTAACGCCCT-1,Layer3
ACCCTTCATCTGCGAA-1,Layer3
ACCCTTGCCTGGGTCG-1,Layer3
ACCCTTTAGTTCTCCA-1,Layer3
ACCGAAAGGGCCCTGC-1,Layer3
ACCGAAGAGTCTGGTT-1,Layer5
ACCGACACATCTCCCA-1,WM
ACCGACTGAGTCCCAC-1,Layer3
ACCGATATTTAATCAT-1,Layer4
ACCGATGGTAGCATCG-1,Layer3
ACCGCAATAACTGCCT-1,Layer5
ACCGCGGTGGAAGTCG-1,Layer3
ACCGGGCCTTTGTTGA-1,Layer3
ACCGGTCAGGTACACC-1,Layer6
ACCGGTCTGAGTACGG-1,Layer3
ACCGTGACCACGTGGG-1,WM
ACCGTTCCCGCTCTGA-1,Layer3
ACCTAAGTACCTTTCA-1,Layer5
ACCTAATCGACTTCCT-1,Layer3
ACCTACAGTATGTGGT-1,Layer3
ACCTCCGCCCTCGCTG-1,Layer5
ACCTCCGTTATTCACC-1,Layer3
ACCTCGAACTTATGCT-1,Layer6
ACCTGCGTGTCATGTT-1,Layer5
ACGAAATGGGCGGCAC-1,Layer3
ACGACTGGTCATACTC-1,WM
ACGAGAACCCATCACG-1,Layer3
ACGAGATATTTGCTTA-1,Layer3
ACGAGGATACCACTCT-1,Layer5
ACGAGGTTTACAACGT-1,Layer5
ACGAGTACGGATGCCC-1,Layer3
ACGATACATAGAACTA-1,Layer3
ACGATCATACATAGAG-1,Layer3
ACGATCATCTTGTAAA-1,Layer3
ACGATGCATATGTTAT-1,Layer4
ACGATGGATCCGATGC-1,Layer3
ACGCAAACTAATAGAT-1,WM
ACGCAATCACTACAGC-1,Layer3
ACGCATACGTTTACTA-1,Layer5
ACGCATTCGTGAGTAC-1,Layer3
ACGCCAGATGATTTCT-1,Layer3
ACGCCCAGCTGTCGAT-1,Layer3
ACGCCGCTAGACGACC-1,Layer4
ACGCGAAGTCAGACGA-1,Layer5
ACGCGCTACACAGGGT-1,Layer5
ACGCGGGCCAAGGACA-1,Layer3
ACGCGTTTCTTAAGAG-1,Layer3
ACGCTAGTGATACACT-1,Layer3
ACGCTGTGAGGCGTAG-1,Layer3
ACGGAATTTAGCAAAT-1,Layer3
ACGGACTCTCAAAGCG-1,WM
ACGGAGCGCAAATTAC-1,Layer3
ACGGATGGTGCGGATA-1,Layer6
ACGGCACTTGCTTGGG-1,Layer6
ACGGCCAACATGGACT-1,Layer6
ACGGCGACGATGGGAA-1,Layer5
ACGGCTGGATGTAGAA-1,Layer6
ACGGGAGTGTCGGCCC-1,Layer5
ACGGGCGTATGCGACA-1,Layer3
ACGTACAGATTTCTCT-1,Layer3
ACGTAGATTGCTGATG-1,Layer3
ACGTATTACTCCGATC-1,Layer3
ACGTGCGCCTCGTGCA-1,Layer3
ACGTTAATGTCGAAGA-1,Layer4
ACGTTAGATTTGCCCG-1,Layer4
ACGTTATTGGTCACTC-1,Layer3
ACGTTCCGCGCTCCGT-1,Layer3
ACGTTCGCAATCAATT-1,Layer3
ACGTTCGTTCAGGAAA-1,WM
ACGTTTAGTTGTGATC-1,Layer3
ACTAATACGTCAGGCG-1,Layer3
ACTACATCCCGACAAG-1,Layer6
ACTACCAGCTCTCTGG-1,Layer3
ACTACGCGTTAGAATT-1,WM
ACTAGTTGCGATCGTC-1,Layer4
ACTATCCAGGGCATGG-1,Layer3
ACTATCTGCCCGCGTA-1,Layer4
ACTATGTCCAGCTGCC-1,Layer6
ACTATTCGTCCGTGGT-1,Layer3
ACTATTTCCGGGCCCA-1,WM
ACTCAACGAATGTATT-1,Layer3
ACTCAAGTGCAAGGCT-1,Layer6
ACTCAATAAAGGCACG-1,Layer3
ACTCAGACCTGCTTCT-1,Layer3
ACTCCAATATCATCAT-1,WM
ACTCCCATTCCTAAAG-1,Layer5
ACTCCCGAATTCGTTT-1,Layer3
ACTCCCGTAGACTAGG-1,Layer3
ACTCCCTAATGCTAAA-1,Layer6
ACTCCCTAGAATAGTA-1,Layer5
ACTCGATGTATTTCAT-1,Layer3
ACTCGTAACCCGTCCT-1,Layer5
ACTCGTCAGTAATCCC-1,Layer3
ACTCTAAACCTGGGAT-1,Layer3
ACTCTCTGACTTAGGT-1,Layer3
ACTCTCTTATACACGA-1,Layer3
ACTCTTCAGCTCCCGC-1,Layer3
ACTCTTGTATAGTAAC-1,Layer3
ACTGAAACGCCGTTAG-1,Layer5
ACTGAATGGCGAAAGT-1,Layer4
ACTGATTTAGTGATTC-1,Layer3
ACTGCCGTCGTAACTC-1,Layer3
ACTGCGGACACACCGT-1,Layer3
ACTGCTCGGAAGGATG-1,Layer5
ACTGTACGATACACAT-1,Layer3
ACTGTAGCACTTTGGA-1,Layer3
ACTGTATACGCGAGCA-1,Layer3
ACTGTCCAGGATTATA-1,Layer3
ACTGTCTTCTTTAGAA-1,Layer3
ACTGTGCTAGTAGATC-1,Layer3
ACTGTTTAGTGTAGGC-1,Layer3
ACTTACCGGGCGCGCA-1,Layer3
ACTTACGCATCCACGC-1,Layer6
ACTTAGTACGACAAGA-1,Layer3
ACTTATACTTACCCGG-1,Layer3
ACTTATTAGGATCGGT-1,Layer4
ACTTATTTATGTGCCA-1,Layer4
ACTTCAGGCTGATCCC-1,Layer5
ACTTCCATGCGGGACA-1,Layer6
ACTTCGCCATACGCAC-1,Layer3
ACTTCGCTAGCGAGTG-1,Layer3
ACTTGACTCCCTCTTT-1,Layer4
ACTTGCCATATTGTAC-1,Layer3
ACTTGGGACCCGGTGG-1,Layer3
ACTTGTAGTCCCTTCA-1,Layer4
ACTTGTGGATGGAACG-1,Layer4
ACTTTACCCTCATGAA-1,Layer3
ACTTTCCTATAGCTTC-1,Layer3
ACTTTGACTGCATCCT-1,Layer3
ACTTTGGTCGTGCTCC-1,Layer6
ACTTTGTCGACGCACT-1,Layer4
AGAAATTATGACTCGC-1,Layer4
AGAACCCAGCGTGACA-1,Layer3
AGAACCCTCAATTGGG-1,Layer6
AGAACGTGGTACATTC-1,Layer3
AGAAGAGCGCCGTTCC-1,Layer3
AGAAGGTACACTTCAC-1,Layer5
AGAAGGTTGCCGAATT-1,Layer5
AGAAGGTTGTAGGTCG-1,WM
AGAAGTGATTCGTGAT-1,Layer5
AGAATAAATCTTCAGG-1,Layer3
AGAATTATGGATTCGA-1,Layer3
AGAATTGTTTGACATA-1,Layer3
AGACAGCTCAGAATCC-1,Layer3
AGACATAGATCCTTCC-1,Layer3
AGACCAAACCACACCT-1,Layer5
AGACCATGGGATACAA-1,Layer3
AGACCCACCGCTGATC-1,Layer5
AGACCCGCCCTCCTCG-1,Layer3
AGACCGCTCCGCGGTT-1,Layer4
AGACCGGGAAACCCTG-1,Layer4
AGACGAAGTGCCGGTC-1,Layer4
AGACGACGATGCCGCT-1,Layer6
AGACGGGCCGATTTAA-1,Layer3
AGACTAGCCTTCCAGA-1,Layer3
AGACTGTTACCGGGTC-1,WM
AGAGAACCGTCTAGGA-1,Layer3
AGAGAAGGAGTACAAT-1,Layer6
AGAGATCTCTAAAGCG-1,Layer4
AGAGCAGTTATGAGAC-1,Layer3
AGAGCCGCCGAGATTT-1,Layer5
AGAGCGGGCTAATCAT-1,Layer3
AGAGCGTACAAGCTCG-1,Layer3
AGAGCTACGAAAGCAT-1,Layer3
AGAGGCTTCGGAAACC-1,Layer4
AGAGTAAACTTCACTA-1,Layer3
AGAGTATAGTGTTACG-1,Layer3
AGAGTTAGAGACCGAT-1,Layer3
AGATAACTTCAGGGCC-1,Layer3
AGATACCGGTGTTCAC-1,Layer5
AGATACGACTTCATAT-1,Layer3
AGATACTCAAGATCGA-1,Layer4
AGATATAATACGACTA-1,WM
AGATCGTGCATAAGAT-1,Layer3
AGATCTCAGGTGTGAT-1,Layer3
AGATGACTCGCCCACG-1,Layer3
AGATGAGGGTTGCGAT-1,Layer3
AGATGATGGAGTCTGG-1,Layer3
AGATGCAAGACGTGCA-1,Layer6
AGATTATAGGACGTTT-1,Layer3
AGATTCACAACCGATA-1,Layer5
AGCAAAGGCCGCTAGT-1,WM
AGCAACATATCTTATT-1,Layer3
AGCAACCGAAAGTAAT-1,Layer6
AGCACCAGTACTCACG-1,Layer3
AGCACTACCGGCCTGT-1,Layer3
AGCACTACCTCACCAG-1,Layer5
AGCACTTAAGGACGCC-1,Layer3
AGCAGAAGGAGAAAGA-1,WM
AGCAGCCAGATGAATA-1,Layer6
AGCATATCAATATGCT-1,Layer5
AGCATCATTTCGAAAG-1,Layer5
AGCATCGTCGATAATT-1,Layer3
AGCCAAGCTTTGTGTC-1,WM
AGCCACAGGTTACCCG-1,Layer6
AGCCACTCCCGTGCTT-1,Layer3
AGCCCATACATGTAAG-1,Layer5
AGCCCGGCATTAGAGG-1,WM
AGCCCGGTAGCCTGTA-1,WM
AGCCCTAAGCGAAGTT-1,Layer3
AGCCCTGTCGCACCGT-1,Layer3
AGCCCTTCTAATCCGA-1,Layer3
AGCCCTTGGACATCCC-1,Layer5
AGCCGCAAATTCAAAT-1,Layer3
AGCCGTGGCTAAATGT-1,Layer5
AGCCTAATACCCACGT-1,Layer5
AGCCTTAAAGCGGAAG-1,Layer3
AGCGACAGGAACGGTC-1,Layer5
AGCGACATCCCATTCA-1,Layer3
AGCGACCAACGATATT-1,Layer3
AGCGCATAATGAATCG-1,Layer6
AGCGCGGGTGCCAATG-1,Layer3
AGCGCTAGAGCGATGT-1,Layer3
AGCGCTTATGGGCAAG-1,Layer3
AGCGGACACTTCGTAG-1,WM
AGCGGCGGTTAGCGGT-1,Layer5
AGCGGGAAGGGTCCAT-1,Layer3
AGCGGGTCTGACACTC-1,WM
AGCGGTTGCCGCTCTG-1,Layer3
AGCGTACGAGAGCTAG-1,Layer3
AGCGTCTGAACCCGCA-1,Layer3
AGCGTGGTATTCTACT-1,Layer5
AGCGTTCCGATTTAAA-1,Layer3
AGCTAACAAGCAATGT-1,WM
AGCTAAGTACGCAGGC-1,Layer6
AGCTAGAAGCAGAAGT-1,Layer3
AGCTATTTAATCCAAC-1,Layer3
AGCTCCATATATGTTC-1,Layer5
AGCTCCTTCGCACATC-1,Layer5
AGCTCTAGACGTTCCA-1,Layer3
AGCTCTTCCCAGTGCA-1,Layer3
AGCTCTTCGTAACCTT-1,Layer3
AGCTCTTTACTCAGTT-1,Layer5
AGCTGAAGTAAACCAA-1,Layer3
AGCTGTAACCTCAATC-1,Layer6
AGCTTATAGAGACCTG-1,Layer3
AGCTTGATCTTAACTT-1,Layer4
AGGAAGCTGTCCGCCG-1,WM
AGGACAGTCGAATCCC-1,Layer3
AGGACATCGCACGTCG-1,Layer3
AGGACGACCCATTAGA-1,Layer5
AGGACGCTCGATGTTG-1,Layer3
AGGAGACATCCACAGT-1,Layer3
AGGAGAGTCTGGCTAC-1,Layer3
AGGAGGCCTTCGCGCG-1,Layer5
AGGATAAAGTCGGGAT-1,Layer6
AGGATATAGGGATTTA-1,Layer3
AGGATCACGCGATCTG-1,Layer5
AGGATTGCTTACGACA-1,Layer3
AGGCACGTGACTGTCC-1,Layer5
AGGCAGATGCGTAAAC-1,Layer3
AGGCAGGGAGCGTACT-1,WM
AGGCATTGTCGTAGGG-1,Layer4
AGGCCACCCGTTATGA-1,Layer3
AGGCCCATTGTACAGG-1,Layer3
AGGCCCTAGAACGCCA-1,Layer5
AGGCCTGAGAATCTCG-1,Layer6
AGGCGATAACTGGCGT-1,Layer4
AGGCGGTTTGTCCCGC-1,Layer6
AGGCTATGGTTAGCTT-1,Layer3
AGGCTTCCCGAAGAAG-1,Layer5
AGGCTTGCTAGACACC-1,Layer3
AGGGAAACGAGGTACT-1,Layer3
AGGGACCGGCTGCGTT-1,Layer3
AGGGACTCTACGCGAC-1,Layer6
AGGGAGACATACTTCG-1,Layer3
AGGGCAGCGGCGTGGT-1,Layer3
AGGGCGAGCAGCTGAT-1,Layer5
AGGGCGTGATCGGCTA-1,Layer3
AGGGCTGCAGTTACAG-1,Layer3
AGGGTCGATGCGAACT-1,Layer3
AGGGTGCCGTTCTTTA-1,WM
AGGGTGCTCTCGAGGG-1,Layer3
AGGGTGGATAGTGCAT-1,Layer3
AGGGTTCCCTTTGGTT-1,Layer3
AGGGTTTAGTTCGGGA-1,Layer3
AGGTAACCTCCTATTC-1,Layer3
AGGTACGATATTGCCA-1,Layer3
AGGTAGATCGAGATAT-1,WM
AGGTAGGTACAAAGCT-1,Layer3
AGGTATAATTGATAGT-1,Layer3
AGGTATGCGGACATTA-1,Layer3
AGGTCAGGTGAGAGTG-1,Layer5
AGGTCGCGGAGTTACT-1,Layer3
AGGTGGTGACCTTCGC-1,WM
AGGTGTATCGCCATGA-1,Layer3
AGGTTACACCATGCCG-1,Layer3
AGGTTGAGGCACGCTT-1,Layer3
AGGTTTCACACACCTT-1,Layer4
AGTAACGTTCATCCTG-1,Layer3
AGTAATGTCTTGCCGC-1,Layer3
AGTACATCATTTATCA-1,Layer3
AGTACGGCCCGTATCG-1,Layer3
AGTACGGGCACCTGGC-1,Layer3
AGTACGTGGCCTGTCT-1,Layer3
AGTACTCTTATGCCCA-1,Layer5
AGTAGCGTGAACGAAC-1,Layer3
AGTAGCTAGACGCCGA-1,Layer3
AGTAGGAAGGAAGTTG-1,Layer3
AGTAGGTAACATACAT-1,Layer3
AGTATAATACTAGGCA-1,Layer3
AGTATACACAGCGACA-1,WM
AGTATGCTGGAGACCA-1,Layer6
AGTATTTGGCACGACC-1,WM
AGTCAACACCACCATC-1,Layer5
AGTCAAGATGACACTT-1,Layer4
AGTCACTAGCTCTCGA-1,Layer5
AGTCACTCCGCCTCAT-1,Layer3
AGTCAGCCACCGCCTG-1,Layer3
AGTCCATTGGCTGATG-1,Layer3
AGTCCCGCCTTTAATT-1,Layer3
AGTCCCTCGCAGAAAG-1,Layer3
AGTCGACGGTCTCAAG-1,Layer3
AGTCGGCCCAAACGAC-1,Layer3
AGTCGGCTCAACTTTA-1,Layer5
AGTCGGTTGCGTGAGA-1,Layer3
AGTCGTATAAAGCAGA-1,WM
AGTCGTCGACCACCAA-1,Layer5
AGTCGTGGGCATTACG-1,Layer5
AGTCTAAAGTATACTC-1,Layer3
AGTCTCACAAGACTAC-1,Layer6
AGTCTGGACATCCTTG-1,Layer3
AGTCTTCTCCTCAAAT-1,Layer3
AGTGAACAAACTTCTC-1,Layer3
AGTGAAGATGGTGTCC-1,Layer3
AGTGACCTACTTTACG-1,Layer5
AGTGACTGTGACACAA-1,WM
AGTGAGACTTCCAGTA-1,Layer3
AGTGAGCCTCGCCGCC-1,Layer3
AGTGAGGGTTTCTGAC-1,Layer3
AGTGATAACCTGCGCG-1,Layer6
AGTGATATGAGTAGTT-1,Layer5
AGTGATTCAAGCAGGA-1,Layer3
AGTGCACGCTTAAGAA-1,Layer5
AGTGCGTAGCTCGTAA-1,Layer5
AGTGCTAAACACAGCA-1,Layer6
AGTGCTTGCACGAATA-1,Layer3
AGTGGCGGCAATTTGA-1,Layer3
AGTGGCGTCTGAAGGT-1,Layer6
AGTGGCTCCGTCGGCC-1,Layer3
AGTGGTGTTACCCGTG-1,Layer5
AGTGTATTGCGCATTG-1,Layer3
AGTGTGGTCTATTGTG-1,Layer3
AGTTAAACACTTGCGA-1,Layer5
AGTTAAGCGGTCCCGG-1,Layer3
AGTTAAGTCAACCGCT-1,Layer5
AGTTACCCTTAAGACT-1,Layer3
AGTTACCGCACATGGT-1,Layer3
AGTTACTCTATCGTGG-1,Layer3
AGTTCACCGGTTGGAC-1,Layer3
AGTTCCTACAGAATTA-1,Layer3
AGTTCCTATTTATGTT-1,Layer5
AGTTCTGCGTTGTATC-1,Layer3
AGTTGACATCGGCTGG-1,Layer3
AGTTGACGGTCCTTGC-1,WM
AGTTGCTGACTGATAT-1,Layer3
AGTTTATGTAAAGACA-1,Layer3
AGTTTCGCAGGTCGGA-1,Layer3
AGTTTGCACCTGCCTC-1,Layer6
AGTTTGGCACGGGTTG-1,Layer4
AGTTTGGCCAGACCTA-1,Layer5
ATAAACGGACCCGTAA-1,Layer5
ATAAACGTTGCACCAC-1,Layer5
ATAAAGGCTCGGTCGT-1,Layer3
ATAAAGGTCAAGTACG-1,Layer3
ATAAATATTAGCAGCT-1,Layer4
ATAACGCCGGAGGGTC-1,Layer3
ATAACGGAGTCCAACG-1,Layer3
ATAAGGTGGAGAACAT-1,Layer5
ATAAGTAGGATTCAGA-1,Layer3
ATAAGTAGGGCGACTC-1,Layer3
ATAAGTTACCGCGACG-1,Layer5
ATAATACCGTTAGCCG-1,Layer3
ATAATAGCTGTTGAAT-1,Layer5
ATAATAGTGTAGGGAC-1,Layer3
ATAATCTTGGAGAACC-1,WM
ATAATTAGCTAAGTAG-1,WM
ATACAGGCCCTCCAAT-1,Layer6
ATACCACGGGCAACTT-1,Layer3
ATACCAGCAAATTGCT-1,Layer3
ATACCAGGCTAATAGA-1,Layer3
ATACCTAACCAAGAAA-1,WM
ATACGAAGGCTTTCCA-1,Layer3
ATACGCCGGCGAAACC-1,Layer3
ATACGGAACGTCGTTT-1,Layer6
ATACGGGTTTCGATTG-1,Layer3
ATACGGTGAAGATGCA-1,Layer3
ATACGTACTTAGCCAC-1,Layer5
ATACGTCCACTCCTGT-1,Layer4
ATACGTTATGCACGGA-1,WM
ATACTACCCGTACCAC-1,Layer5
ATACTAGCATGACCCT-1,Layer3
ATACTCTCGCCACTCT-1,Layer3
ATACTGCCTTACACCG-1,Layer6
ATACTTGTTCTCGAGC-1,Layer3
ATAGACAACGGGACCT-1,Layer3
ATAGACGAAGAGAAAG-1,Layer3
ATAGAGTACTGGGACA-1,Layer3
ATAGAGTTATCAACTT-1,Layer3
ATAGCAACTAGGGAAG-1,Layer5
ATAGCCTCAGTACCCA-1,Layer3
ATAGCTGCTCTTGTTA-1,Layer3
ATAGGAATCTAAGCTT-1,Layer3
ATAGGCGGCTATAGAA-1,Layer5
ATAGGCTAGCTTCGCA-1,Layer3
ATAGGGATATCCTTGA-1,Layer3
ATAGGTTGGGCAGATG-1,Layer3
ATAGTCTTTGACGTGC-1,Layer3
ATAGTGAAGCGTTCTC-1,Layer4
ATAGTTCCACCCACTC-1,Layer3
ATATAAAGCGCTCGTG-1,Layer6
ATATAAATGTAGCTGC-1,Layer6
ATATAGAGTATTGGTC-1,Layer6
ATATCAACCTACAGAG-1,Layer3
ATATCGGTAGGGAGAT-1,Layer3
ATATCGTTCCTCGAAC-1,Layer5
ATATCTCCCTCGTTAA-1,Layer3
ATATCTTAGGGCCTTC-1,Layer3
ATATGTCTCCCTAGCC-1,Layer3
ATATTCAGTTAAACCT-1,Layer5
ATATTCCACATAGTGA-1,Layer5
ATATTCCCACAGGTCA-1,Layer3
ATATTGCTGTCAAAGT-1,Layer3
ATATTTAACCCTCAAG-1,Layer3
ATCAAACACTGTTCCA-1,Layer3
ATCAAACGAAGGTTTG-1,Layer5
ATCAATCTGGGCTGCA-1,Layer3
ATCAATGCCGTGGCTG-1,Layer6
ATCACATTAGAATATC-1,Layer3
ATCACGTGCTAATTAA-1,Layer5
ATCACTTCATCCTCGC-1,Layer3
ATCAGACGGCACGCCG-1,Layer5
ATCAGCCTCATGCTGC-1,Layer5
ATCAGCTCGTCCACTA-1,Layer5
ATCAGGTAGCTGACAG-1,Layer3
ATCAGGTCGCCATTGC-1,Layer3
ATCAGTAGGCAGGGAT-1,Layer3
ATCATCCAATATTTGT-1,Layer4
ATCCAACGCAGTCATA-1,Layer3
ATCCAATGGAGGGTCC-1,Layer5
ATCCACATCGACAGAA-1,WM
ATCCACGCTAAATGTT-1,Layer3
ATCCAGAGCAACAACC-1,Layer5
ATCCAGGATTCGTGAA-1,Layer5
ATCCCATCCACAGCGC-1,Layer6
ATCCTACCTAAGCTCT-1,Layer5
ATCCTGAATCGCTGCG-1,Layer4
ATCCTGCGTGGAATGG-1,Layer5
ATCCTGCTGCAGATAG-1,Layer3
ATCCTTCTGAAAGAAC-1,Layer3
ATCGACCCAATACAGA-1,Layer5
ATCGACTCTTTCCGTT-1,Layer3
ATCGCACGCCGGGAGA-1,Layer3
ATCGCCAGTCAACATT-1,Layer3
ATCGCTGCGTGCAGCA-1,Layer3
ATCGCTTTACGTCTCA-1,Layer3
ATCGGAGACAGACGGC-1,Layer5
ATCGGCAAGCAGTCCA-1,Layer3
ATCGGTTACCTAGTAA-1,Layer3
ATCGTATTCCGAGAAC-1,Layer3
ATCGTGGAAAGTCTGG-1,Layer6
ATCGTTAGCTAGCGGA-1,Layer5
ATCGTTCACTTTCGCC-1,Layer3
ATCTAATATCCTACGG-1,Layer6
ATCTCCCACGGAATAT-1,Layer5
ATCTCCCTGCAATCTA-1,Layer3
ATCTCGTGAGCGAAAC-1,Layer3
ATCTGACATGGAAGGA-1,WM
ATCTGATAGTGTCTTA-1,Layer3
ATCTGCACCTCTGCGA-1,Layer3
ATCTGGGCTGTTCTTG-1,WM
ATCTGGTTAAGACTGT-1,Layer3
ATCTGTAATTGTACCC-1,Layer3
ATCTTGACCTGCAACG-1,Layer3
ATCTTGACTTGTCCAA-1,Layer3
ATCTTTCGTATAACCA-1,Layer3
ATGAAGCCAAGGAGCC-1,Layer3
ATGACGCCGGCTCTAA-1,Layer3
ATGACGCGTTCTATCC-1,Layer5
ATGACTATCAGCTGTG-1,WM
ATGACTATGCGACATT-1,Layer4
ATGAGGAGTGTTAATC-1,Layer3
ATGAGGGCAGCGGCTA-1,Layer3
ATGATCGGGAATAGAC-1,Layer3
ATGATGCAATGGTACA-1,Layer5
ATGCACGCGCTGTTCA-1,Layer6
ATGCACTACCGCATTG-1,Layer3
ATGCATGATCCAGGAT-1,Layer3
ATGCATTCCGTGATGG-1,Layer3
ATGCCATTTGCGACCA-1,Layer3
ATGCCGGTCTTGCATA-1,Layer3
ATGCCGGTTGATGGGA-1,Layer3
ATGCGACAGTCCCATT-1,Layer3
ATGCGAGTCCCACCAC-1,Layer3
ATGCTCAGTGTTGCAT-1,Layer3
ATGCTCTGGCGCGGTA-1,Layer6
ATGCTTAGGAGTTGAT-1,Layer5
ATGGAAATTTAAGGAG-1,Layer5
ATGGAACCTTTGCACA-1,Layer3
ATGGAGCAGGCCGTGA-1,Layer3
ATGGATCCGGCGTCCG-1,Layer3
ATGGATTGACCAAACG-1,Layer3
ATGGCAGCATTACGAT-1,Layer6
ATGGCAGCCGAGAAAC-1,Layer3
ATGGCGGAATAGTCGC-1,Layer3
ATGGCTGGAAATGGCC-1,Layer3
ATGGGAACGGAAGCGG-1,Layer3
ATGGGACCTGCTGAAC-1,WM
ATGGGCCTCGGCCTCT-1,Layer3
ATGGGTGTATACCTCC-1,Layer6
ATGGTCGCGTGGTTTC-1,Layer4
ATGTAAGGCTGCTCTT-1,Layer3
ATGTGAAAGCCTAATG-1,Layer5
ATGTGCATCCGACGCA-1,Layer3
ATGTGGACATCTTGAT-1,Layer5
ATGTGTAGTTTAGTCA-1,Layer3
ATGTTACGAGCAATAC-1,Layer3
ATGTTCGTCGACCCAC-1,Layer3
ATGTTGTAGTCTGTTT-1,WM
ATGTTTCGGCCCGGAG-1,Layer3
ATGTTTGTAAGATCAT-1,Layer3
ATTAAACATGCGGACC-1,Layer5
ATTAATACTACGCGGG-1,Layer3
ATTAATGAACCAGTCG-1,Layer3
ATTAATTCGGTCACTC-1,Layer3
ATTACAACTACCGGCC-1,Layer3
ATTACATGTCAGTCTT-1,Layer4
ATTACCACACTGCCTG-1,Layer3
ATTACGACTCCACAGT-1,Layer3
ATTACGCGCTGGCAGG-1,Layer5
ATTACTAGCCTCTTGC-1,Layer3
ATTACTTACTGGGCAT-1,Layer3
ATTAGATTCCTCAGCA-1,Layer3
ATTAGATTGATAGCGG-1,Layer3
ATTAGGCGATGCTTTC-1,Layer3
ATTATACTTTGCTCGT-1,Layer3
ATTATAGCTACTTTAC-1,Layer3
ATTATCTCGACAGATC-1,Layer3
ATTATGCCATAGGGAG-1,Layer3
ATTATTATGTCCGTCA-1,WM
ATTCAACCATTTAAGG-1,Layer5
ATTCACTGATGTTGGA-1,Layer6
ATTCAGGACCTATTTC-1,Layer3
ATTCAGTAGCAGGGTC-1,Layer3
ATTCATATACTGTCCA-1,Layer5
ATTCATCGTTGAGGCA-1,Layer6
ATTCCCACATAAACAA-1,Layer3
ATTCCTCCGCCAGTGC-1,Layer3
ATTCCTTCCAGGCGGT-1,Layer3
ATTCGACGCCGGGCCT-1,Layer3
ATTCGTGCTATCTCTT-1,Layer3
ATTCTCGTCTCTTTAG-1,Layer3
ATTCTGAGTATGAACT-1,Layer3
ATTCTTCGTACTTATG-1,Layer3
ATTGAAGATCTTAGTG-1,Layer3
ATTGACCGGCGATGAC-1,Layer3
ATTGACGTAACTCGGT-1,Layer3
ATTGATAGCAACGAGA-1,Layer3
ATTGATCACCACATTT-1,Layer5
ATTGATGAGTCCTAAC-1,Layer3
ATTGCCTTTATGTTTG-1,Layer6
ATTGCGATCAGTAACT-1,Layer4
ATTGCTGCTCCTCCAT-1,Layer3
ATTGGATTACAGCGTA-1,Layer5
ATTGGGAATATCTTGG-1,Layer3
ATTGGTAGGATCCGCT-1,Layer3
ATTGTACAACTCGGCT-1,Layer3
ATTGTCGCAATACCTT-1,Layer3
ATTGTTCAACGATCCG-1,Layer3
ATTTAACTCGTATTAC-1,Layer3
ATTTACAGTTTACTGG-1,Layer3
ATTTACTAAGTCCATT-1,Layer3
ATTTCATTATTTCGCG-1,Layer3
ATTTCCGGGTTCTGCG-1,Layer6
ATTTGCGCGAGTAGCT-1,Layer6
ATTTGTCTTGGGAGCT-1,Layer3
ATTTGTTCCAGGGCTC-1,Layer3
CAAACCAGGTCTGCAT-1,Layer3
CAAACGAGTATCGCAG-1,Layer5
CAAACGGTCGCACTTT-1,Layer3
CAAACGTGGTCTTGCG-1,Layer3
CAAACTACGATAGAGA-1,Layer3
CAAACTATTGAGCTTC-1,Layer3
CAAACTCGCGACGCCG-1,Layer3
CAAAGATTATTGGGCC-1,Layer6
CAAAGGTCATCTGAAA-1,Layer3
CAAATCTCTCACAAGG-1,Layer5
CAAATGTCCTTCCGTG-1,Layer5
CAAATTGGATTATGCC-1,Layer3
CAAATTGTCAGCAAGC-1,Layer3
CAACACATCTCCTGCC-1,Layer3
CAACAGAATAACGCTA-1,Layer3
CAACCTACCGAGCAGT-1,Layer5
CAACCTGAACCTGCCA-1,Layer3
CAACGACCCGTTTACA-1,Layer3
CAACGGTTCTTGATAC-1,Layer3
CAACGTGGTGGAGTCT-1,Layer5
CAACTATATCGAATGC-1,Layer3
CAACTCCAACGTTTAG-1,Layer3
CAACTCCTTGATCCCG-1,Layer3
CAACTGCTCATCCGAT-1,WM
CAACTTGTAGTGGGCA-1,Layer3
CAAGACTCAGAAGCGC-1,Layer3
CAAGAGGGCGGAGTAC-1,Layer5
CAAGATATTATAACGT-1,Layer4
CAAGCAACGTCGGAGT-1,Layer3
CAAGCACCAAATGCCT-1,Layer3
CAAGCGGCACATAATT-1,Layer6
CAAGGATCGCATGTTC-1,Layer3
CAAGGTCCTATAGGCT-1,Layer3
CAAGTGAACTTTGGTT-1,Layer3
CAAGTGTGGTTGCAAA-1,Layer3
CAATAAACCTTGGCCC-1,Layer3
CAATACGAGAGTCTGA-1,Layer3
CAATACGCTCTGAGGC-1,Layer3
CAATATGTAGATTTAC-1,Layer3
CAATATTCTTGACCTA-1,Layer6
CAATCCCTATACCAGC-1,Layer3
CAATCCTGCCGTGGAG-1,Layer3
CAATGAGGTTCGACTA-1,Layer3
CAATGCGAGAAGTATC-1,Layer5
CAATGGAATCTACATA-1,Layer3
CAATGGATCTCTACCA-1,Layer3
CAATGGTCGGCCTGGG-1,Layer3
CAATGTGCCAACCCTT-1,Layer3
CAATTAAGGGTGATGA-1,Layer3
CAATTTCGTATAAGGG-1,Layer3
CACAAGCTAAGAAAGG-1,
CACAATGAGCTGCTAT-1,Layer5
CACACACGCTAACGAG-1,Layer5
CACACAGCTTGCGCTC-1,Layer3
CACACAGGGATAGATT-1,Layer3
CACACGCGCTGTCTTA-1,Layer3
CACACGTTTCAATGGG-1,Layer3
CACAGAGACGAGGACG-1,Layer6
CACAGCACCCACGGCA-1,Layer3
CACAGCTAGGGAGTGA-1,Layer3
CACAGGGCCATATAGT-1,Layer5
CACAGGGCCGTTGTCA-1,WM
CACAGTCCCGCTTCGC-1,Layer5
CACAGTTCGCTTCCCA-1,Layer4
CACATATTAGCAGGAT-1,Layer5
CACATCGTGCACGCGC-1,WM
CACATCTCACCGACGA-1,Layer6
CACATGATTCAGCAAC-1,Layer3
CACATGTTTGGACATG-1,Layer3
CACATTCTTTCGATGG-1,Layer3
CACATTTCTTGTCAGA-1,Layer3
CACCACGCCACACAGA-1,Layer3
CACCAGTCAGCATGCA-1,Layer6
CACCATCGGAGGAGAC-1,Layer3
CACCCAAATCTTATGT-1,Layer3
CACCCACACGTCACCC-1,Layer3
CACCCACGAGGCAATT-1,Layer3
CACCCGGTTTGTGACT-1,Layer6
CACCCTAACAAGATCT-1,Layer5
CACCCTTGGTGAGACC-1,Layer5
CACCCTTTCCTCGCTC-1,Layer3
CACCGATACACCGAGC-1,Layer3
CACCGCCAGAAGGTTT-1,Layer3
CACCGCCGACCAGCGA-1,Layer3
CACCGCGTCCACTCTA-1,Layer3
CACCGGAGATATCTCC-1,Layer3
CACCGTATCCCATCCG-1,Layer4
CACCGTTAGGGATCAC-1,Layer6
CACCGTTGCGCGATAT-1,Layer5
CACCTAATAGAGTCGT-1,Layer3
CACCTAATCAGTTTAC-1,Layer3
CACCTCGATGGTGGAC-1,Layer3
CACCTTGCGAAACTCG-1,Layer3
CACCTTGGCGCCTTTG-1,Layer3
CACGAAAGTTAGTCCC-1,Layer3
CACGCACAGCGCAGCT-1,Layer3
CACGCAGCGAGGCTTT-1,Layer3
CACGCGGAACTGTTGC-1,Layer3
CACGGACGTGGATGGC-1,Layer3
CACGGCGCGCCAAAGG-1,Layer3
CACGGGATTGAGGGTT-1,Layer3
CACGTCGGCAACCTCT-1,Layer5
CACGTCTATGATGTGG-1,Layer3
CACGTTCGTGCTCTAG-1,Layer3
CACGTTTCGTACACAC-1,Layer5
CACTAAAGTTGCCTAT-1,Layer3
CACTACGGGAGCTGCC-1,Layer5
CACTACTCAGTTCTGT-1,Layer3
CACTCAAGAGCTATGG-1,Layer4
CACTCAGCTCTTGAGG-1,Layer3
CACTCCTATGTAAGAT-1,Layer6
CACTCCTCTCGGTCGG-1,Layer3
CACTCGAGCTGAACAA-1,Layer5
CACTCGGTTAGGAGGA-1,Layer3
CACTCTTCTGCTAGCC-1,Layer5
CACTGACGATTGTGGA-1,WM
CACTGTCCAAGTGAGA-1,Layer3
CACTTAATCAGACGGA-1,Layer3
CACTTCGCCACAGGCT-1,Layer3
CACTTCGTCTTATCTC-1,Layer3
CAGAACTTAGCCCTCT-1,Layer5
CAGAATAACACACGGA-1,Layer5
CAGAATATTCGTTATC-1,Layer3
CAGACACCGATCGCTG-1,Layer6
CAGACCTGTAAGTGTT-1,Layer3
CAGACGAACCTGATAC-1,Layer5
CAGAGACGGTCACCCA-1,Layer6
CAGAGCATGAGCTTGC-1,Layer3
CAGAGGCGATGCATGA-1,Layer6
CAGAGTGATTTAACGT-1,Layer3
CAGATACTAACATAGT-1,Layer3
CAGATCATTTAAAGTC-1,Layer3
CAGATCCTGGTTTGAA-1,Layer5
CAGCAGCCCGTTCCTT-1,Layer3
CAGCAGTCCAGACTAT-1,Layer4
CAGCAGTCTGTGCTGC-1,WM
CAGCCCTCACAGGCAG-1,Layer3
CAGCCGGGCCCTCTAT-1,Layer3
CAGCCTCCTGCAGAGG-1,Layer3
CAGCCTCTCCTCAAGA-1,Layer3
CAGCGATTCCCTTCAA-1,Layer6
CAGCTCACTGAGACAT-1,Layer3
CAGCTCGACAAGTTAA-1,Layer3
CAGCTCGTGCTTGTGT-1,Layer3
CAGCTGGCGTAACCGT-1,Layer5
CAGCTTAGTAGGTAGC-1,Layer3
CAGGAAGACTTTATAT-1,Layer3
CAGGACAGCTGCCCTT-1,Layer3
CAGGATATATCGTTGT-1,Layer5
CAGGCCGTTTGGGTGT-1,Layer4
CAGGCGCACGGTGGTC-1,Layer6
CAGGCGCCATGCTAGG-1,Layer5
CAGTAACTATTTATTG-1,Layer3
CAGTAATCCCTCCCAG-1,Layer3
CAGTACATTCTCTAAA-1,Layer3
CAGTACCAGTTTACGT-1,Layer5
CAGTAGCCCACGCGGT-1,Layer3
CAGTCGAGGATGCAAT-1,Layer3
CAGTCTCTCGGCTAAT-1,Layer3
CAGTCTGTATACTGGG-1,Layer4
CAGTGAATAAATGACT-1,Layer3
CAGTGGTTGCACATGA-1,Layer3
CAGTGTCCGCAGAATG-1,Layer3
CAGTGTCGGCTGGCCC-1,Layer5
CAGTTCAAATTGACAC-1,Layer3
CAGTTCCGCGGGTCGA-1,Layer3
CATAACGGACAGTCGT-1,Layer3
CATAAGAAGCTTGGCT-1,Layer6
CATAAGCTCTCCGTCT-1,Layer4
CATAATGAGCGGGCGA-1,Layer3
CATACAAAGCCGAACC-1,Layer3
CATACACGGTTCCCAC-1,WM
CATACCCGTACCCAGT-1,Layer4
CATACGAACTAGCTGG-1,WM
CATACGGCGTCTGGGC-1,Layer4
CATACTATGTAATTGT-1,Layer3
CATACTTAGGCAATAC-1,Layer3
CATAGCCGCCCGGGAT-1,Layer3
CATAGCGTTGCCCACC-1,Layer6
CATAGTACATTGAGAG-1,Layer3
CATAGTAGCATAGTAG-1,Layer3
CATAGTCCACAAGAAC-1,Layer5
CATATACTACTGATAA-1,Layer3
CATATAGGTACAGTCA-1,Layer5
CATATGTCAGGCTACG-1,Layer5
CATATTATTTGCCCTA-1,Layer3
CATCAACACCTACTAA-1,Layer3
CATCATCTACCCGGAC-1,Layer3
CATCATTACCCTGAGG-1,Layer5
CATCCGCAGGCCCGAA-1,Layer3
CATCCTCTCAAAGATC-1,Layer5
CATCGCCCGCGGCCAA-1,Layer3
CATCGGACGGGTTAAT-1,Layer5
CATCGTCCGGTTACTA-1,Layer3
CATCTAGTGAAGGGAA-1,Layer3
CATCTATCCCGTGTCT-1,Layer3
CATCTGCAGGATCATT-1,Layer3
CATCTTACACCACCTC-1,Layer3
CATGAACCGACATTTG-1,Layer3
CATGAACCTCTTATCA-1,Layer3
CATGACTTCGCTGAAT-1,Layer3
CATGAGATGCACTCTC-1,Layer6
CATGATGCACAATTCT-1,Layer3
CATGATGGAAGTTAGC-1,Layer3
CATGCACGTGTTACTG-1,Layer3
CATGCATGGAGACCCT-1,Layer3
CATGCCAACTCGCAAA-1,Layer5
CATGCGACCAGTTTAA-1,Layer3
CATGCGTTAGACAGAA-1,Layer3
CATGCTGGCTCCAATT-1,Layer3
CATGGAAATGGGACCA-1,Layer3
CATGGATTGTCTTCCG-1,Layer5
CATGGCAGGAAGATCG-1,Layer3
CATGGGTATGCCTTAT-1,Layer5
CATGGGTCGGGTGTGG-1,Layer3
CATGGTAAGTAGCGTT-1,Layer5
CATGGTCTAGATACCG-1,Layer3
CATGTAAGAGACATTT-1,Layer5
CATGTCTCATTTATGG-1,Layer5
CATTACATAGATTGTG-1,Layer3
CATTACGTCGGCCCGT-1,Layer3
CATTATGCTTGTTGTG-1,Layer3
CATTCACTGACAGCTA-1,Layer3
CATTCCCATTCCGTCG-1,Layer3
CATTCCCTAAGTACAA-1,Layer3
CATTGATGAACACGCC-1,Layer3
CATTGCGAAATGGGCG-1,Layer3
CATTGCGGGTCAATTC-1,Layer3
CATTGTGTGCTAGATC-1,Layer3
CATTTAGCGGACCATG-1,Layer3
CATTTATCGTTCAAGA-1,Layer3
CATTTCTAGCAGACTA-1,Layer3
CATTTGAGTGGTACGT-1,Layer5
CCAAACAGAACCCTCG-1,Layer3
CCAAATAACAAGATTC-1,Layer4
CCAACGATGCACTGAT-1,Layer3
CCAACGCTTGCCAGGG-1,Layer3
CCAACTTGATAGATCC-1,Layer3
CCAAGAAAGTGGGCGA-1,Layer6
CCAAGACTTCTGCGAA-1,Layer3
CCAAGCGTAACTCGTA-1,Layer3
CCAAGGAACAGAGAGG-1,Layer3
CCAATAGATTTCATCT-1,Layer3
CCAATAGTGCCGTCGA-1,Layer3
CCAATCGGTAGATCGA-1,Layer3
CCAATGTCACAGCAAG-1,Layer4
CCAATTACGGGTCGAG-1,Layer3
CCAATTGAATGTTAAT-1,Layer3
CCACAATGTACGTCTT-1,Layer3
CCACACTGAGATATTA-1,Layer4
CCACAGCTGAAATCAT-1,Layer3
CCACAGTACCCATCCT-1,Layer4
CCACATACTGCACCCA-1,Layer3
CCACCAACTTTACTGT-1,Layer6
CCACCCAAGGAAAGTG-1,Layer3
CCACGAATTTAACCTC-1,Layer3
CCACGAGAAGAGAATC-1,Layer3
CCACGGAGCCATAAGA-1,Layer5
CCACGGTGCCCGGTAG-1,Layer3
CCACGTAAATTAGACT-1,Layer3
CCACTATCCGGGTCAC-1,Layer3
CCACTGGTGGCTGGTT-1,Layer4
CCACTGTTTGGATTAA-1,Layer5
CCAGAAAGCAACTCAT-1,Layer6
CCAGAGACAAAGCCGG-1,Layer3
CCAGATAGTTGAGTGA-1,Layer3
CCAGATGTAAATGGGT-1,Layer3
CCAGCCTGGACCAATA-1,Layer3
CCAGCGGGATCACCAG-1,Layer3
CCAGCTACGCCTCATA-1,Layer3
CCAGCTCGAACGCATT-1,WM
CCAGCTGATGGTACTT-1,Layer3
CCAGCTTCCGCCCGCA-1,Layer3
CCAGGGACGTGGCCTC-1,Layer3
CCAGTAGTCTGATCCA-1,Layer3
CCAGTCAAATCTCTTA-1,Layer3
CCAGTCCATTATTCGA-1,Layer3
CCAGTCTAGACGGCGC-1,Layer3
CCAGTCTTGTCATAGA-1,WM
CCATAAACAACCCGAC-1,Layer3
CCATACCTTTACTTGT-1,Layer3
CCATAGGTTGGCGTGG-1,Layer3
CCATAGTCAGTAACCC-1,Layer3
CCATATGGAAACTATA-1,Layer5
CCATCCATACCAAGTC-1,Layer3
CCATCGCAGTTAAACT-1,Layer5
CCATCTCACCAGTGAA-1,Layer3
CCATCTTGTTCACAAT-1,Layer3
CCATGCCCTAGATTTC-1,Layer5
CCATGCCTGTTTAGTA-1,Layer3
CCATGCTCTGCAGGAA-1,Layer3
CCATGGCCCTTGTACC-1,Layer3
CCATTAGCGATAATCC-1,Layer3
CCATTCCCTGCCCACA-1,Layer3
CCATTGTTTCCTCCAT-1,Layer3
CCATTTCTACCTATTA-1,Layer6
CCCAAACATGCTGCTC-1,Layer3
CCCAACATACGTCGCG-1,Layer5
CCCAACCACACTAACA-1,Layer3
CCCAAGAATGCACGGT-1,Layer3
CCCAATGAGATTTGCA-1,WM
CCCAATTTCACAACTT-1,Layer4
CCCAGAGGAGGGCGTA-1,Layer3
CCCAGGTCTGAAGGCT-1,Layer4
CCCAGTAAACTTGGGA-1,Layer5
CCCAGTTAAGGCGCCG-1,Layer3
CCCGAAGTTTCGCGAA-1,Layer4
CCCGACCATAGTCCGC-1,Layer3
CCCGAGTTTCTCCGTA-1,Layer3
CCCGATAGCCTCGCCT-1,Layer3
CCCGCAGCGCGAACTA-1,Layer5
CCCGCAGGGCCCAAAG-1,Layer3
CCCGCCATGCTCCCGT-1,Layer3
CCCGCGCAATGCACCC-1,Layer3
CCCGGGTCGTTCAGGG-1,WM
CCCGGTGGAAGAACCT-1,Layer3
CCCGGTGTATCGGAAT-1,Layer5
CCCGTAAGTCTAGGCC-1,Layer4
CCCGTAGCTGGGAAGA-1,Layer6
CCCGTCAGCGTCTGAC-1,Layer3
CCCGTTTCGCAGATGT-1,Layer4
CCCTAGTGTCAGGTGT-1,Layer3
CCCTATGTAGAGCAGA-1,Layer6
CCCTCATTCTGGAATT-1,Layer3
CCCTCCTCGCTCGTAT-1,Layer4
CCCTGAAATGAGTTGA-1,Layer3
CCCTGACTAACAAATT-1,Layer3
CCCTGATGTAACTCGT-1,Layer3
CCCTGCCCAATCCGCT-1,Layer4
CCCTGCGCTACGCATA-1,Layer3
CCCTGGCTGTTCCTTC-1,Layer4
CCCTGGTATGGGCGGC-1,Layer3
CCCTTTGACAGGTCTT-1,Layer5
CCGAAAGTGGTGAGCA-1,Layer3
CCGAACACTGGGCCTC-1,Layer5
CCGAACCTTCCCGGCC-1,Layer5
CCGAAGGGCGTACCGC-1,Layer3
CCGAAGTATATTGTTC-1,Layer3
CCGACAAACACATGAG-1,Layer3
CCGACAAAGGGAGTGC-1,Layer3
CCGACAATAGGCCGCC-1,Layer5
CCGACGGGCATGAGGT-1,Layer6
CCGACGTAAACACAAC-1,Layer3
CCGACTCGCATAGTCT-1,Layer3
CCGAGAAGTCGCATAA-1,Layer3
CCGAGCTGTGCTTGTC-1,Layer3
CCGAGGGATGTTAGGC-1,Layer3
CCGATCTCAACCTTAT-1,Layer3
CCGATTCGAGGGACCC-1,Layer3
CCGCACAAAGACCAAC-1,Layer3
CCGCACACGAACGTGT-1,Layer3
CCGCACGTGACCTCGG-1,Layer3
CCGCATGTGGTACGAT-1,Layer6
CCGCCACCACAATCCA-1,Layer3
CCGCCGGAACTTCTCG-1,Layer5
CCGCCGGTCAACACAC-1,Layer3
CCGCCGTTGAGGATAA-1,Layer3
CCGCCTGCGAATTGGT-1,Layer3
CCGCGATTTGGTAGGT-1,Layer3
CCGCGGAATGCGTCAC-1,Layer6
CCGCGGGTACGAAGAA-1,Layer3
CCGCGTAGGTAAGGGC-1,Layer3
CCGCTATCAGCACCAG-1,Layer5
CCGCTCTTCCGAACTA-1,Layer5
CCGCTGGTGCCATTCA-1,Layer3
CCGCTTACCTCACTCT-1,Layer5
CCGCTTGCTGACATGG-1,Layer3
CCGGAATGGTTTCAGT-1,Layer3
CCGGAGCGTACTTTCT-1,WM
CCGGAGGTCTTATGGT-1,Layer3
CCGGCACGACCGTTTC-1,Layer3
CCGGCGCATATTGGAT-1,Layer3
CCGGCGTGAGACTCTG-1,Layer5
CCGGGACCCGCAGAGA-1,Layer3
CCGGGCGGTCTCGTCA-1,Layer3
CCGGGCTAAGAATTTC-1,
CCGGGCTGCTCCATAC-1,Layer3
CCGGGTTCGAGGTTAC-1,Layer4
CCGGTAATGGCTAGTC-1,Layer3
CCGGTTTGTAATTGTG-1,Layer6
CCGTAAGTTGGTCCCA-1,Layer3
CCGTACCCAAGCGCCA-1,Layer3
CCGTAGGAAATCCCTG-1,Layer5
CCGTAGGGTTGTTTAC-1,Layer5
CCGTATCTCGTCGTAG-1,Layer5
CCGTATTAGCGCAGTT-1,Layer3
CCGTCAACCTCTGGCG-1,
CCGTGAGGCATTCATG-1,Layer3
CCGTGCCCATGACGGC-1,Layer3
CCGTGGAACGATCCAA-1,Layer3
CCGTGTTAAATTCCAT-1,Layer5
CCGTTACGTTAGAACA-1,Layer3
CCGTTCCGAATCTCGG-1,Layer4
CCTAAAGGCTGACGCT-1,Layer3
CCTAAATTAACGGTTC-1,Layer4
CCTAAATTGTATCCTA-1,Layer4
CCTAACCCAAACAAGT-1,Layer5
CCTAACTAAGGCTCTA-1,Layer3
CCTACAAGTCCGGAAT-1,Layer3
CCTACATTCACAGACG-1,Layer5
CCTACGCGACCTTACA-1,Layer3
CCTACGGCTCAGTCGA-1,Layer3
CCTACTGCGGCGGCCA-1,Layer3
CCTACTGCTTACACTT-1,Layer3
CCTAGGCGTAGCGATC-1,Layer3
CCTAGGTAAAGGTAGC-1,Layer5
CCTAGTTAGTCGCATG-1,Layer3
CCTATAATGAGTGCCC-1,Layer5
CCTATACCGTCCTGTC-1,Layer6
CCTATATCGTGTCACG-1,Layer6
CCTATATTTGTCCTGG-1,WM
CCTATCTATATCGGAA-1,Layer3
CCTATGAAGTGGTGCC-1,Layer3
CCTATGGCTCCTAGTG-1,Layer6
CCTATGGGTTACCGTC-1,Layer3
CCTATGTCCACTCCAC-1,Layer6
CCTCACCAATCTTGAC-1,Layer3
CCTCACCTGAGGGAGC-1,Layer3
CCTCACCTTAGCATCG-1,Layer3
CCTCATGCAGCTACGA-1,Layer3
CCTCCCGACAATCCCT-1,Layer3
CCTCCGACAATTCAAG-1,Layer3
CCTCCTAGCTAGAGTC-1,
CCTCCTGAGCCCACAT-1,Layer3
CCTCCTGTTGTGTCGT-1,Layer6
CCTCGAAGTGGACGGG-1,Layer3
CCTCGACCCACTGCCT-1,Layer3
CCTCGCCAGCAAATTA-1,Layer3
CCTCGCGCGATATAGG-1,Layer3
CCTCGCGCTGTGCGAT-1,Layer6
CCTCGGACCGGGATAG-1,Layer3
CCTCGGATGCTACCTG-1,Layer3
CCTCTAATCTGCCAAG-1,Layer3
CCTCTATCGATTAGCA-1,Layer5
CCTCTCTCCCATCTAG-1,Layer3
CCTCTGGCCTAGACGG-1,Layer3
CCTCTGTACTATTCTA-1,Layer6
CCTGAACGATATATTC-1,Layer3
CCTGAATATTTACATA-1,Layer3
CCTGACCACCGATGGT-1,Layer5
CCTGACGCAACCTTTA-1,Layer3
CCTGCCCGTTGTCTAG-1,Layer3
CCTGCGATAGAACTGT-1,Layer3
CCTGCGTTCTACGCTT-1,Layer3
CCTGCTATTTGAGAAG-1,Layer3
CCTGGAAACGTTCTGC-1,Layer3
CCTGGCTAGACCCGCC-1,Layer3
CCTGGTCGAATGTGGG-1,WM
CCTGTAAGACATGATA-1,Layer4
CCTGTACTCACGCCCA-1,Layer4
CCTGTCACCCGGGCTC-1,Layer3
CCTGTCCCTCACGTTA-1,Layer3
CCTGTCGCCCGTAAAT-1,Layer3
CCTGTGCGGATTGTAA-1,Layer3
CCTGTTTGAAGACACG-1,Layer5
CCTTCAGTTAAAGTGA-1,WM
CCTTCTCAGCGTTCCT-1,Layer4
CCTTCTTGATCCAGTG-1,Layer3
CCTTGACCACTTTATT-1,Layer5
CCTTTAAGGGAGCACT-1,WM
CCTTTCAATGAAGAAA-1,Layer3
CGAAACATAGATGGCA-1,Layer3
CGAAACGCAATTCATG-1,Layer5
CGAACAGTATGGGCGT-1,Layer4
CGAACCCGCATGCGTC-1,Layer5
CGAACGCCCAGTGCCG-1,Layer3
CGAACGGCCGGACAAC-1,Layer5
CGAAGCTATAAATTCA-1,Layer3
CGAAGTTGCTCTGTGT-1,Layer3
CGAATCTGCTCGACGC-1,Layer6
CGAATGAAGTCATTGC-1,Layer6
CGAATGACGCATAATG-1,WM
CGAATTACATGGTGTT-1,Layer3
CGACAATTTGATCTAA-1,Layer3
CGACACGCTCCGACAG-1,Layer4
CGACAGTTCGCGTTAT-1,Layer3
CGACATGCGATCTTCT-1,Layer3
CGACCCTTAACGCCGG-1,Layer5
CGACGCATCCGTACCT-1,Layer5
CGACTCAGGATGTTAT-1,Layer3
CGACTTTGTATAGCCT-1,Layer3
CGAGACCCTAGAGTGT-1,Layer5
CGAGAGATGTGAACCT-1,Layer3
CGAGAGCGCGTAGATA-1,Layer4
CGAGAGCTTTCACTAC-1,Layer6
CGAGAGGGTAGCCGCG-1,Layer5
CGAGATTTCGCTCGGG-1,Layer3
CGAGCACTTCAAGTTT-1,Layer3
CGAGCGTTGATCAGCC-1,Layer3
CGAGCTGGGCTTTAGG-1,Layer3
CGAGGAGCTTCCATAT-1,Layer3
CGAGGATCGGGAACGA-1,Layer3
CGAGGCCAGGCATTGG-1,Layer3
CGAGGCTAAATATGGC-1,Layer3
CGAGGGACTGCGGTCG-1,Layer3
CGAGGGTATCCAGGTG-1,WM
CGAGTACTAAAGAGGA-1,Layer5
CGAGTGAAGGTACCAG-1,Layer6
CGAGTGCTATAGTTCG-1,Layer3
CGAGTTCTGTCCCACC-1,Layer3
CGAGTTTATCGGACTG-1,Layer3
CGATAATACTCAGGTT-1,Layer3
CGATACCTCGCGGACA-1,Layer5
CGATATTAGCCGCAGG-1,Layer3
CGATCCGACCCAGTGC-1,Layer4
CGATCTGTTGGAGGAC-1,Layer5
CGATGGACCCTACGCC-1,Layer3
CGATGTTGTTATCTAC-1,Layer6
CGATTAAATATCTCCT-1,Layer6
CGATTCGCCTGGCTGC-1,Layer6
CGCAAACACGAGTTAC-1,Layer3
CGCAATCGATCATTAG-1,Layer3
CGCAATTACTTTCGGT-1,Layer3
CGCAATTAGGGTAATA-1,Layer3
CGCAATTCTACAATAA-1,Layer3
CGCACATGTCCACTAC-1,Layer3
CGCACGTGCGCTATCA-1,Layer3
CGCAGAAACATTTGCG-1,Layer3
CGCAGATCTTCACCCG-1,Layer3
CGCAGGCGATCCAAAC-1,Layer5
CGCATCATGGCTTCAG-1,Layer3
CGCATCCATCAGCCAG-1,Layer3
CGCATGGTGCGATGCT-1,Layer4
CGCATTAGCTAATAGG-1,Layer3
CGCCAAGAAGCCGAGT-1,Layer3
CGCCACAGGTCGCGAT-1,Layer5
CGCCATCCGATTATGA-1,Layer3
CGCCCAGCACGCCTAG-1,WM
CGCCCGCTTCCGTACA-1,Layer3
CGCCCTAATTGTTCAA-1,
CGCCCTTGAAGGCTGA-1,Layer3
CGCCGCCCATGCCTGT-1,Layer3
CGCCGTCTACCCATCG-1,Layer3
CGCCGTTCAGCATAGT-1,Layer5
CGCCTCCCTCCTCTAT-1,Layer4
CGCCTGGCCTACGTAA-1,Layer5
CGCCTTTAGCATGCTC-1,Layer3
CGCGACACTGCGCAGC-1,Layer3
CGCGACCGCGACAGAT-1,Layer6
CGCGAGTCTGCCGGGT-1,Layer5
CGCGCAAATGTCCAGA-1,Layer6
CGCGCATGTTTGATTG-1,Layer5
CGCGCCCGACTTAATA-1,Layer3
CGCGGCAGTATTACGG-1,Layer3
CGCGGCTCAACTTGAA-1,Layer3
CGCGGGAATTAGGCAG-1,Layer3
CGCGGTAAGTCTAGCT-1,Layer3
CGCGGTCACAAACCAA-1,Layer3
CGCGTACATTCTGGAA-1,
CGCGTCATATTAAACC-1,Layer3
CGCGTTCATGAAATAC-1,Layer3
CGCTACGGGACATTTA-1,Layer4
CGCTAGAGACCGCTGC-1,Layer3
CGCTATACCGCCCACT-1,Layer3
CGCTATTCAATGTATG-1,Layer3
CGCTATTCTTAGGCTC-1,Layer4
CGCTCGACATAATGAT-1,Layer3
CGCTCTCCGTAGATTA-1,Layer3
CGCTGGTGACTACCCT-1,Layer4
CGCTGTGACGCCGCAC-1,Layer3
CGCTGTGTGGATGTTG-1,WM
CGCTTAGTATTGATAC-1,WM
CGCTTATTCCCGGTCG-1,Layer5
CGCTTCCACTGAAATC-1,Layer3
CGCTTTCATACCGGTG-1,Layer3
CGCTTTCTTGCATTCG-1,Layer3
CGGAAAGAATCAAACG-1,WM
CGGAAATTTCACATCC-1,Layer3
CGGAACGTAAACATAG-1,Layer5
CGGAGCAATTTAATCG-1,Layer6
CGGAGCATGGCGATCC-1,Layer3
CGGAGCTTATAACACC-1,Layer3
CGGAGTCCTAACCTGG-1,Layer3
CGGAGTTTGAGAGACA-1,Layer3
CGGATAAGCGGACATG-1,Layer3
CGGATCCTCAAGGACT-1,Layer6
CGGCAAACATCGTGCG-1,Layer6
CGGCAATAAGATCGCC-1,Layer5
CGGCACCGTTAGCGCC-1,Layer3
CGGCACTCAAGAAAGT-1,Layer3
CGGCAGGGTCGGGTTG-1,Layer3
CGGCCACGCACAAAGT-1,Layer3
CGGCCCAACCTGTAGT-1,Layer3
CGGCCCAGGTATATCC-1,Layer3
CGGCGCCATCAATCCC-1,Layer5
CGGCTCTAAAGCTGCA-1,Layer3
CGGCTCTTCGTCGAAC-1,Layer3
CGGCTGCAAGATTAAG-1,Layer3
CGGCTTTGTATGATAA-1,Layer3
CGGGAATATAGTATAC-1,Layer3
CGGGAATTTATGTAAA-1,Layer5
CGGGAGCTTCAGTGTA-1,Layer4
CGGGAGTATACCGCCG-1,Layer3
CGGGATCAATGTAAGA-1,Layer3
CGGGCAGCTAAACCGC-1,Layer3
CGGGCCATAGCCGCAC-1,Layer3
CGGGCCTTCTTTGTAA-1,Layer5
CGGGTGTACCCATTTA-1,Layer3
CGGGTTTGTTAGGGCT-1,Layer5
CGGTACTAGAATCAAA-1,Layer3
CGGTAGAGGTGCAGGT-1,Layer3
CGGTCAAGTGGGAACC-1,Layer3
CGGTCCATGAGACTCC-1,Layer3
CGGTCCGTCGCAAGCC-1,WM
CGGTCTATCAACCCGT-1,Layer3
CGGTGAAGACTAAAGT-1,Layer3
CGGTGCAGATAGAACG-1,Layer5
CGGTGCGCGTTGGTCC-1,Layer5
CGGTGGGCTCCAGCCT-1,Layer3
CGGTGTACTTGATCCC-1,Layer3
CGGTTATCCAACAGTG-1,Layer3
CGGTTCAAGTAGGTGT-1,Layer3
CGGTTCCGGCTTCTTG-1,Layer3
CGGTTGACCTGGCATA-1,Layer4
CGGTTGAGTATCCTTC-1,WM
CGGTTGGGTTCAAGTT-1,Layer3
CGTAAACGCTTGAGTG-1,Layer3
CGTACCTGATAGGCCT-1,Layer3
CGTAGCGAATTGTCAG-1,Layer3
CGTAGCGCCGACGTTG-1,Layer3
CGTATTAAGAGATCTA-1,Layer3
CGTATTGTTTCCTAAT-1,Layer3
CGTCAAATGGTCGCAG-1,Layer3
CGTCAAGGCTATAAAT-1,Layer3
CGTCACGTCCATTGGT-1,Layer5
CGTCAGCTATTTACTC-1,Layer3
CGTCAGTGCGCACAAG-1,Layer3
CGTCATACCATATCCA-1,Layer3
CGTCGCGGCGGGATTT-1,Layer3
CGTCGCTTGGTTATAC-1,Layer6
CGTCGGATAGTGTTGA-1,Layer3
CGTCGGGTCTAAGCGC-1,Layer5
CGTCGTCCTTCGCGAA-1,Layer6
CGTCTGGAAGGGCCCG-1,Layer3
CGTCTTGAGTGTGACG-1,Layer3
CGTGAAGTTAATTCAC-1,Layer4
CGTGACATTGGGTCGT-1,Layer3
CGTGACCAGTCCTCTG-1,WM
CGTGCAGACTGGGACA-1,Layer3
CGTGCATTGTCGACGC-1,Layer4
CGTGCCCTCCCGAAGA-1,Layer4
CGTGCTGGCCTAGTCG-1,Layer3
CGTGCTTCTACCTAAA-1,Layer6
CGTGGAAGCCTCGTAC-1,Layer3
CGTGGCCGAATATCTA-1,Layer3
CGTGTCCCATTCGCGA-1,Layer3
CGTGTCTCGTTACGAC-1,WM
CGTGTGTTAAACCCTG-1,Layer3
CGTTAAACTAGTTAGG-1,Layer3
CGTTAATGTCCCGACG-1,Layer6
CGTTAGCTCACAACTG-1,Layer3
CGTTCAGACCCGCGAA-1,WM
CGTTCATGGTGCGCGT-1,Layer5
CGTTCTTCGCACACCT-1,Layer3
CGTTGAATACCGCGCT-1,Layer6
CGTTGAGCGACCGTCG-1,Layer4
CGTTGCCCGCGTGGGA-1,WM
CGTTGTAAACGTCAGG-1,Layer3
CGTTGTAAGATTGATT-1,Layer3
CGTTGTCGGCAATTGA-1,WM
CGTTGTTTCAATTCCC-1,Layer3
CGTTTAAGCGGAGCAC-1,Layer3
CGTTTACAAGGCAGCT-1,Layer3
CGTTTCACTTCGGGCG-1,Layer3
CGTTTCGCTCATTACA-1,Layer3
CGTTTGTGTAGAGGGT-1,Layer6
CTAAAGAATGCCTACT-1,Layer4
CTAAAGGGAAATAGGA-1,Layer5
CTAAATCCGGTGTACA-1,WM
CTAAATCCTATTCCGG-1,Layer3
CTAACCGCGCGCCCGT-1,Layer4
CTAACGAAACTTGCTG-1,Layer3
CTAACTGATAATCGCC-1,Layer5
CTAACTGGTCCGGTTC-1,Layer5
CTAAGGGAATGATTGG-1,Layer4
CTAAGTACAGGGCTAC-1,Layer3
CTAATTCGCACGCGCT-1,Layer3
CTAATTCTCAGATATT-1,Layer3
CTAATTTCAACAACAC-1,Layer3
CTACAAGAAATAACCC-1,WM
CTACACTCGCAGATGG-1,Layer5
CTACATATCGCGGGAC-1,
CTACCCTAAGGTCATA-1,Layer3
CTACGAACTAGGTCGA-1,Layer3
CTACGACTAGCTATAA-1,Layer4
CTACGCACGGAGTACC-1,Layer3
CTACGCCATTTCCGAT-1,Layer3
CTACTATCATAGGTTT-1,Layer5
CTACTATCTTTCAGAG-1,Layer3
CTACTCAAGGTATAGT-1,WM
CTACTCTAGGCCCGGC-1,Layer3
CTACTGCCACCTGACC-1,Layer3
CTAGACTGCATTTCGT-1,Layer3
CTAGATAAACTCCTCG-1,Layer3
CTAGATGTGAGTGTAA-1,Layer3
CTAGATTTACGACGGC-1,Layer4
CTAGCATAGTATAATG-1,Layer3
CTAGCCACAGGCGAGC-1,Layer5
CTAGCCGATGTTATGA-1,Layer3
CTAGCTTAATGGTCCC-1,Layer3
CTAGGCGCCCTATCAG-1,Layer5
CTAGGTCTGAAGGAAT-1,Layer3
CTAGGTTCGGACGTGA-1,Layer6
CTAGTAGAAAGGGATT-1,Layer6
CTAGTATTCGGAATTA-1,Layer3
CTAGTCACGTCTTAAG-1,Layer3
CTAGTGAAGGACAGGA-1,Layer3
CTAGTTACAACCCGGT-1,Layer6
CTAGTTGGGCCCGGTA-1,Layer3
CTATAAGAGCCAATCG-1,Layer3
CTATAGGCGTTGATGT-1,WM
CTATCGACGAAATACA-1,Layer5
CTATCGCGTAGAGAAC-1,Layer5
CTATCGGGTCTCAACA-1,Layer3
CTATGCCCGAATGCAA-1,WM
CTATGGGAAGCGGAAT-1,Layer5
CTATGTCACTAGCCCA-1,Layer3
CTATGTCTATTGAAAC-1,Layer3
CTATGTGAGTCACGGC-1,Layer5
CTATTCATGTGTCCCA-1,Layer6
CTATTTGGTTACGGAT-1,Layer3
CTCAAACCACTGCCCG-1,WM
CTCAACTAACCCGGAT-1,Layer6
CTCAAGACATTAGCGC-1,Layer3
CTCACACGCAAGCCTA-1,Layer3
CTCACATTTACTAAAT-1,WM
CTCACTGTGATACTTA-1,WM
CTCACTTGGCTGGTAA-1,Layer4
CTCAGGACTCACCTGT-1,Layer3
CTCAGTCACGACAAAT-1,Layer3
CTCATCACTTAGTGAT-1,Layer3
CTCATGGCTCACAATC-1,Layer3
CTCATGGTAATTTGCG-1,Layer5
CTCATTAACGTTGCCC-1,Layer3
CTCATTCGTGAACATC-1,Layer3
CTCATTGCTCTAACAA-1,Layer6
CTCATTTGATGGGCGG-1,Layer3
CTCCCAATGAGTCGCG-1,Layer3
CTCCCTCCTTTCGATC-1,Layer5
CTCCGCCCACATGAGG-1,Layer5
CTCCGGCCTAATATGC-1,Layer3
CTCCGGCTTGTAGACA-1,Layer3
CTCCTAAGTTATGTCT-1,Layer3
CTCCTCCAGCTCACAC-1,WM
CTCCTGTTCAAGGCAG-1,Layer4
CTCCTTTACGCAAGTC-1,Layer3
CTCGAATGGAACGTAT-1,Layer3
CTCGAGGTCGAACAGT-1,Layer3
CTCGATATTTGCGAGC-1,Layer3
CTCGCACCTATATAGT-1,Layer3
CTCGCATTGCATAGCC-1,Layer6
CTCGCCGAATGTAGGG-1,WM
CTCGGGATAACACCTA-1,Layer3
CTCGGGTTCTCTGGCC-1,Layer6
CTCGGTACCACTGCTC-1,Layer3
CTCGGTCCGTAGCCTG-1,Layer3
CTCGGTTGTCGGCCCT-1,Layer6
CTCGTCGAGGGCTCAT-1,Layer6
CTCGTTTCTAATGTTT-1,Layer3
CTCTAATGCATTGATC-1,Layer3
CTCTACACTGGCGATT-1,Layer4
CTCTATTTGGCTGCAG-1,Layer5
CTCTCACAATCGATGA-1,Layer3
CTCTCGATGTGCGCCT-1,Layer3
CTCTCGCTGTACTATG-1,Layer3
CTCTCTAACTGCCTAG-1,Layer6
CTCTGCAGGCATTCTT-1,
CTCTGCGAAGCAAGCA-1,Layer3
CTCTGGACGCCTGGTG-1,Layer3
CTCTGTTTGAGGATTC-1,Layer3
CTCTTCTATTGACTGG-1,Layer3
CTCTTCTGGAAGTTAG-1,WM
CTCTTGTCCCGCTTGG-1,Layer6
CTGAAAGAGATCCGAC-1,Layer3
CTGAATCCGAGACCTC-1,Layer5
CTGAATTTATTGCCAG-1,Layer3
CTGACATAGAAATAGA-1,Layer3
CTGACTGCGCAGCTCG-1,Layer3
CTGAGAAAGTTCGGCG-1,Layer3
CTGAGCAAGTAACAAG-1,Layer3
CTGAGCGAGACTTATT-1,Layer3
CTGATAGTGTATCTCA-1,Layer3
CTGCAAGCACGTTCCG-1,Layer5
CTGCACAACTACATAT-1,Layer5
CTGCACCTAGTCCACA-1,Layer3
CTGCACCTGGAACCGC-1,Layer3
CTGCACTCCAGTACAG-1,Layer6
CTGCAGAGAATCAGAG-1,Layer5
CTGCCAAGGTTGGAAG-1,Layer3
CTGCCATGCATCACAT-1,Layer4
CTGCCTAGCCACCAAG-1,Layer3
CTGCCTCATATGCAAC-1,Layer3
CTGCCTTTAATACCTT-1,WM
CTGCCTTTCTAGTAAA-1,Layer6
CTGCGGGTGAAATGTT-1,Layer3
CTGCGGTAGTCACGTG-1,Layer3
CTGCGTTACGATATAA-1,Layer3
CTGCTGAGGCCACGAA-1,Layer5
CTGCTGTCTAACGAGC-1,Layer3
CTGCTTGGCGATAGCT-1,Layer5
CTGCTTTATGTCCGCG-1,Layer3
CTGGAAATGGATGCTT-1,Layer3
CTGGAAGACACGGTGG-1,Layer5
CTGGACGCAGTCCGGC-1,Layer5
CTGGATTTACACTTGA-1,Layer5
CTGGCATCCGAATGAG-1,Layer5
CTGGCGACATAAGTCC-1,Layer3
CTGGCGCACAGGTCTG-1,Layer3
CTGGCGGGAATAAGTA-1,Layer3
CTGGCTCCTGCGGGAT-1,Layer3
CTGGCTGATTCATCCT-1,Layer3
CTGGCTGGTTGTCAGT-1,Layer6
CTGGGATAAATAATGG-1,Layer3
CTGGGATACGCTACCC-1,Layer3
CTGGGCCTGCTATATC-1,Layer5
CTGGGTAGGCAGTTAA-1,Layer4
CTGGGTTGAGTTAAAG-1,Layer5
CTGGTAAAGTGTGGGC-1,Layer5
CTGGTAACACATAGAA-1,Layer3
CTGGTAACGAGCTCTT-1,Layer3
CTGGTCATTCCAATCC-1,Layer3
CTGGTCCTAACTTGGC-1,Layer3
CTGGTGAATGGGCCTA-1,Layer6
CTGGTTCAACGCATCA-1,Layer3
CTGGTTCGCGAGCTAC-1,Layer3
CTGGTTTCGAGCAAGA-1,Layer4
CTGTACTTCTTAGCAT-1,Layer4
CTGTAGCCATCTCACT-1,Layer6
CTGTATGGTGTAGAAA-1,Layer3
CTGTCAAATGGCTCGG-1,Layer3
CTGTCACGCCAGGCGC-1,Layer3
CTGTGCAGGGTAGGTC-1,Layer4
CTGTGGTCGGGAGATA-1,Layer5
CTGTTACCCAATCTAG-1,Layer5
CTGTTCACTGCCTGTG-1,Layer3
CTGTTCATCTCACGGG-1,Layer3
CTTAAATAAGACCCAT-1,Layer3
CTTAACTTCGAAGTAC-1,Layer3
CTTACACGGTATTCCA-1,Layer3
CTTACACTGGGAAATA-1,Layer3
CTTAGCCCGGATAGTG-1,Layer3
CTTAGCCTTCCACATG-1,Layer3
CTTAGGTATAGACCAG-1,Layer6
CTTAGTAGGCCTACAG-1,Layer3
CTTAGTGTAGTAGCAT-1,Layer6
CTTATGCGCTCAGGGC-1,Layer4
CTTATGTTGACTACCA-1,Layer3
CTTCAACTCCACTTGG-1,Layer6
CTTCACGCCCTGGTAC-1,
CTTCAGTGGTCGCCTA-1,Layer5
CTTCATAGCTCAAGAA-1,Layer3
CTTCATTGTCAGTGGA-1,Layer3
CTTCCGCTCCGTGAAG-1,Layer6
CTTCCTGCATATTTAC-1,Layer3
CTTCGGCCAATTGTTT-1,Layer3
CTTCGTAGATAGGTGA-1,Layer4
CTTCTATGTTGAAGTA-1,Layer5
CTTCTATTAATGCTAG-1,Layer6
CTTCTGGGCGTACCTA-1,WM
CTTCTTACGTCGTATA-1,Layer3
CTTGACCCGAAAGATA-1,Layer3
CTTGAGGTTATCCCGA-1,Layer3
CTTGAGTTAGGGTAAT-1,Layer3
CTTGCAACCGCCTCCT-1,Layer5
CTTGCCCAGGCTCTAC-1,Layer5
CTTGGCCAAGCTGGGA-1,WM
CTTGTACTTGTTGACT-1,Layer3
CTTGTCAACATTCGAG-1,Layer5
CTTGTGAGTCTTTGAC-1,Layer3
CTTGTGCTCACCGATT-1,Layer3
CTTGTTGCTGAGTCAA-1,Layer3
CTTGTTTATGTAGCCA-1,Layer3
CTTTAACTTTCAAAGG-1,Layer3
CTTTAATATTGGTCGA-1,Layer5
CTTTACCGAATAGTAG-1,Layer5
CTTTAGGAACACTGTT-1,Layer3
CTTTAGTGCTATTATT-1,Layer5
CTTTCTGTGCGGGCTT-1,Layer6
CTTTGCATCGCTCTTG-1,Layer5
CTTTGCTGTCATGGAT-1,Layer3
CTTTGGCGCTTTATAC-1,Layer3
CTTTGGCTTTAGTAAA-1,Layer3
CTTTGGGATTGTTGCA-1,WM
GAAACAGATGACCACC-1,Layer3
GAAACAGCCATGCAGT-1,Layer3
GAAACATAGGAAACAG-1,Layer6
GAAACCATGGTGCGCT-1,Layer3
GAAACCGAATTACCTT-1,Layer5
GAAACCTATACAAATG-1,WM
GAAACTCGTGCGATGC-1,Layer3
GAAACTCTAATGAAGG-1,Layer3
GAAAGAACAGCGTTAT-1,Layer3
GAAAGCAGTGCACTTT-1,Layer6
GAAAGCCCTTTGGACC-1,Layer3
GAAAGTGACTAACTGC-1,Layer3
GAAATACCTGCTGGCT-1,Layer3
GAAATACTAAACGTTT-1,Layer3
GAAATATCACCATCAG-1,Layer3
GAAATCGCGCGCAACT-1,Layer3
GAAATGGCGGTGTTAG-1,Layer3
GAAATGGGATGTAAAC-1,Layer3
GAAATTAGCACGGATA-1,Layer3
GAAATTCACATCGCTG-1,Layer3
GAAATTGTCTCTATAA-1,Layer5
GAACACACATCAACCA-1,Layer3
GAACAGATTACTAAAT-1,Layer6
GAACCATCTGGGAGAC-1,Layer3
GAACCCTCTGTGTTCT-1,WM
GAACCTCGACCTACAC-1,Layer3
GAACCTTTAACGATCC-1,WM
GAACGACCGAATGATA-1,Layer3
GAACGATAAGTTAAAG-1,Layer3
GAACGCGGGTCACACG-1,Layer3
GAACGTCTCATGGTCG-1,Layer3
GAACGTTAGGAAGACG-1,Layer3
GAACTTAGCGCCCGGT-1,Layer3
GAACTTGTGCACGGGA-1,Layer3
GAAGAAACGATATTGT-1,Layer6
GAAGAACGGTGCAGGT-1,Layer3
GAAGACTTCAATGCCG-1,Layer3
GAAGCCACTGATTATG-1,WM
GAAGCCGGGTAAGCTC-1,Layer3
GAAGCCTGCACATTCC-1,WM
GAAGCGTGAGGAATTT-1,Layer3
GAAGCTCGGACCCGTC-1,Layer5
GAAGCTTGCTGACCGC-1,Layer3
GAAGGAGTCGAGTGCG-1,WM
GAAGGCTACCATTGTT-1,Layer3
GAAGTCAGTTGCACTA-1,Layer6
GAAGTCTCCCTAGCGA-1,Layer3
GAAGTGATTTATCGTG-1,Layer4
GAAGTGCTGGATAGCT-1,Layer3
GAAGTTTCCACTCAAT-1,Layer3
GAATAGACGCGACCCA-1,Layer3
GAATAGCATTTAGGGT-1,Layer3
GAATAGCCCTGCGGTC-1,Layer3
GAATAGTGCTCGATTA-1,WM
GAATATTCGGAGTCCC-1,Layer3
GAATCGACATGGTCAC-1,Layer3
GAATCGCCGGACACGG-1,Layer3
GAATCTGAACATTCTC-1,Layer4
GAATGCCGAAATGACC-1,Layer3
GAATGCGAATCGGTTC-1,WM
GAATGTATGGCAGGTC-1,Layer3
GAATGTGGTCCGGATT-1,Layer3
GAATGTTGGGTAATCT-1,Layer3
GAATTATAGTGAAAGG-1,Layer3
GAATTCACCCGGGTGT-1,Layer5
GAATTTCTCGCTGCAG-1,Layer3
GACAAACATATGCAGG-1,Layer3
GACAACGACCATTGAA-1,Layer3
GACAACGCAGCTTACG-1,Layer3
GACAAGAGATGAGATT-1,Layer5
GACACAAGGGAAGAAA-1,Layer3
GACACGAGTTAGAGGA-1,Layer3
GACACTGAGTTCAGTG-1,Layer5
GACACTGGAACCCGAT-1,Layer4
GACAGATTTCTGGCTC-1,Layer4
GACAGCCAGACCTGAC-1,Layer3
GACAGGCACACACTAT-1,Layer3
GACATACTGTCGCAGA-1,Layer3
GACATCCGTCGAACTG-1,WM
GACATCGATTTATAAC-1,Layer6
GACCAAACGTTGACTG-1,Layer5
GACCAGAGCCCTGTAG-1,Layer3
GACCAGGTCATTCATA-1,Layer3
GACCCAATTATGATAC-1,Layer5
GACCCGTCGCCGGCTA-1,Layer3
GACCGACGTGAAAGCA-1,Layer3
GACCGACTGAAGCGTC-1,Layer3
GACCGCGTCTGACGTG-1,Layer3
GACCGTCAGGTCGTGA-1,Layer3
GACCGTGCTGACGGTG-1,Layer4
GACCGTTACATGCGAC-1,Layer3
GACGACGATCCGCGTT-1,Layer5
GACGAGGCTAATAAAC-1,Layer5
GACGCCGTAAAGGCTA-1,Layer6
GACGCCTGTTGCAGGG-1,Layer3
GACGCTTGCTTCTAAA-1,Layer4
GACGGACCGCGTTCCT-1,Layer3
GACGGGTTGGCCCGTA-1,WM
GACGGTCAATAGAAGC-1,Layer3
GACGTGAGACTCCATG-1,Layer3
GACGTGTAGGGATTAT-1,Layer3
GACGTTCGTAAATACA-1,Layer3
GACTAACACAGCACCT-1,Layer3
GACTAAGATCATGCAC-1,Layer3
GACTAAGTAGGCTCAC-1,Layer3
GACTACAAAGCGGTGG-1,Layer5
GACTACAATTGCTCGT-1,Layer3
GACTCACCCACGTGAG-1,Layer3
GACTCCCAGAATAAGG-1,Layer3
GACTCCTTCCAATTGA-1,Layer5
GACTCGCGGGAATGAC-1,Layer3
GACTGATTGGTCACAA-1,Layer3
GACTGCAAATCGAGCT-1,Layer6
GACTGCACCAGCCCAG-1,Layer4
GACTGCGGCACGTGTA-1,Layer3
GACTGGGCGCCGCAAC-1,Layer3
GAGACTGATGGGTAGA-1,Layer3
GAGACTTCGCGACCGA-1,Layer6
GAGAGCGCAGTCCCTG-1,Layer3
GAGAGGGCGCGAGGTT-1,Layer4
GAGAGGTGCATTCTGG-1,Layer5
GAGATCTGCTTGGCAT-1,Layer3
GAGATCTGTCACTCCG-1,Layer3
GAGATCTTCCATGACA-1,Layer4
GAGATGACAATCCTTA-1,Layer3
GAGATGGGAGTCGACA-1,Layer5
GAGCACCTGTGTCCAG-1,Layer6
GAGCACGGCGCCTCTT-1,Layer3
GAGCATCAACAACTTG-1,WM
GAGCATCATCCCTGGG-1,Layer3
GAGCCACGGTAGTAGG-1,Layer3
GAGCCAGCTACCTGTG-1,Layer5
GAGCGAGGGAGTACCG-1,Layer3
GAGCGCAAATACTCCG-1,Layer4
GAGCGCGCACGAGTAG-1,Layer4
GAGCGCTGTTAGGTAA-1,Layer6
GAGCTAAGGGCATATC-1,Layer3
GAGCTCTCGGACCTAA-1,Layer3
GAGCTGTCGTCTCGGA-1,Layer3
GAGGAATGGAGAGGTT-1,Layer3
GAGGATAAACAGTGCT-1,Layer3
GAGGCCCGACTCCGCA-1,Layer6
GAGGCTATCAAAGTCG-1,Layer3
GAGGGAGTCAGATCGC-1,WM
GAGGGCATCGCGTATC-1,Layer3
GAGGGCCATAATATTA-1,Layer3
GAGGGCGCAGCTCTGC-1,Layer3
GAGGGTAGTAACAAAG-1,WM
GAGGTACATCCATCTT-1,Layer3
GAGGTCCCAAAGATCT-1,Layer3
GAGGTCTTAGTGGGTC-1,Layer3
GAGTAAACCGGAAAGT-1,Layer3
GAGTAAGGCCACGGGA-1,Layer5
GAGTACGGGTATACAA-1,Layer3
GAGTAGATACTAGTTG-1,WM
GAGTATCAAAGTTACA-1,Layer4
GAGTATGCCCGCCTTG-1,Layer5
GAGTATGCGCGTGCAT-1,WM
GAGTCAGACCAGAATC-1,Layer6
GAGTCCGCTTACCGGA-1,Layer5
GAGTCGACAGACCCTC-1,Layer3
GAGTGTCAACCAGAAA-1,Layer6
GAGTGTGCGGTACCCA-1,Layer3
GAGTTGATGGCAATTT-1,Layer5
GATAAATCGGTGGATG-1,Layer3
GATAACTCGCACTGTG-1,Layer3
GATAAGGCAGATGCAA-1,Layer3
GATACGATGGGAGTCA-1,Layer5
GATAGGTAACGTTGAC-1,Layer5
GATAGGTGTCCCGGGC-1,Layer3
GATATCTCATGCAATA-1,Layer3
GATATGAGACACTAAC-1,Layer3
GATATGCGGTAGCCAA-1,Layer3
GATATGGATTACGCGG-1,Layer3
GATATTGAGATTGGCG-1,Layer3
GATATTTCCTACATGG-1,Layer3
GATCAACATAAAGGGA-1,WM
GATCATTCCAAACATT-1,Layer3
GATCCCTTTATACTGC-1,Layer3
GATCCGAATATAAGTG-1,Layer3
GATCCGGGAATTAACA-1,Layer3
GATCCTAAATCGGGAC-1,Layer3
GATCCTCGACACTGGC-1,Layer5
GATCCTCTTGCGCTTA-1,Layer3
GATCGACACTATCTGA-1,Layer3
GATCGCGGGCTCTCCA-1,Layer3
GATCGCTACCCGATTT-1,Layer4
GATCGCTATATCTCAG-1,Layer6
GATCGCTGTGGTGCGT-1,
GATCGGATAGAACCAT-1,Layer3
GATCGGCGATAAGTCG-1,Layer3
GATCGGTGGCCATAAC-1,Layer3
GATCGTGACTGATATC-1,Layer3
GATCTCGACGCTGTGG-1,Layer3
GATCTGCTATCTAAGG-1,WM
GATCTTCATTGTCCTC-1,Layer3
GATCTTGGAGGGCATA-1,Layer5
GATCTTTGCAGGGTAT-1,Layer4
GATGACAAGTAGGGCA-1,Layer6
GATGACGATGATCGCG-1,Layer3
GATGCCAGCAGAAGGC-1,Layer3
GATGCCTTCTGCGGCA-1,Layer6
GATGCGAATGGTATTA-1,Layer3
GATGCGTCCTGCATTC-1,Layer3
GATGCTACAAGCGCCT-1,Layer3
GATGCTGTATTTCATC-1,Layer4
GATGGCGCACACATTA-1,Layer3
GATGGTGCCCTAGGCA-1,Layer3
GATGTAACGAACCACC-1,Layer5
GATGTCCGGATCACAT-1,Layer3
GATGTCGGTCAACTGC-1,Layer3
GATGTGTTGTCACAAG-1,Layer3
GATGTTCAATCCACGA-1,Layer5
GATGTTTGTGCGAGAT-1,Layer3
GATTAACCGAAAGCCC-1,Layer5
GATTACTGAATTTGGG-1,Layer5
GATTCCCTTGTCGCAG-1,Layer3
GATTCCGCGTTTCCGT-1,Layer3
GATTCCTATACGGCGC-1,Layer3
GATTCGACGGTTCACG-1,Layer4
GATTGACACTCTGCTC-1,Layer3
GATTGCTCCAGTTGCA-1,WM
GCAAACCCTACATTAT-1,Layer5
GCAAACCTTGGCCATA-1,Layer6
GCAAACGTCGCCAGGT-1,Layer3
GCAAAGGGCGTTAGCC-1,Layer6
GCAAATATTACGCTTT-1,Layer3
GCAACACACTAGAACT-1,Layer5
GCAACAGCAGTATGCG-1,Layer3
GCAACCACCAGACCGG-1,Layer3
GCAACCACGGCCGCGT-1,Layer5
GCAACGGCTAGTTATG-1,Layer3
GCAAGAATTCCTTGGC-1,Layer5
GCAAGTGCACAGAGAA-1,Layer3
GCAATTAGTCGCACCG-1,Layer3
GCACAAACCCTAGATG-1,Layer6
GCACAAACGAGGCGTG-1,Layer3
GCACAACCTCGGGCGT-1,Layer5
GCACAAGTGTCGGAAG-1,Layer3
GCACACACTGGTAGCC-1,Layer5
GCACACGCCCATGGTC-1,Layer3
GCACGCCTACTTAGAT-1,Layer6
GCACTAGTCGCGCTAT-1,Layer3
GCACTGTGCAAATGTA-1,Layer3
GCAGAAGGTAATCTCC-1,Layer3
GCAGACCCAGCACGTA-1,Layer3
GCAGATCCATAAGACT-1,Layer5
GCAGATCCTCGCAAAT-1,Layer3
GCAGATTAGGGATATC-1,Layer3
GCAGCACACAGCCCAG-1,Layer4
GCAGCCTATATCACAT-1,Layer3
GCAGCGGTGGGCATTA-1,Layer3
GCAGGAACTTAGATCT-1,Layer5
GCAGGACTATAGAATA-1,Layer3
GCAGGTAGAGTATGGT-1,Layer3
GCAGTGTGGCTATAGG-1,Layer6
GCAGTTCGATCCGAGC-1,Layer5
GCATACGAGGTCTTTA-1,Layer3
GCATAGAGCACTCAGG-1,Layer3
GCATCCCTAACTTTGA-1,Layer3
GCATCGGCCGTGTAGG-1,Layer4
GCATGAGGGACGCGGC-1,Layer3
GCATTCAAGGCAACGC-1,Layer3
GCATTCGAAATGAACA-1,Layer3
GCATTGTAATTCATAT-1,Layer4
GCATTTCCAAGGCTCC-1,Layer3
GCCAACCATTTCCGGA-1,Layer3
GCCAAGAATACTTCTG-1,Layer4
GCCAATAGGGCATCTC-1,Layer3
GCCACAATTTAAGGAC-1,Layer5
GCCACTCAGAGCGCGA-1,Layer5
GCCACTCCTTACGGTA-1,Layer4
GCCAGGAGTAACCGAT-1,Layer3
GCCAGGCGTTCGCATG-1,Layer3
GCCATATTGCACACAG-1,Layer3
GCCATCGAGCTGCGTG-1,Layer6
GCCATCGATGCTGCAT-1,Layer3
GCCATTAGCCTCAAAC-1,Layer5
GCCCACCAAGGCTGTC-1,Layer3
GCCCAGATGCTGGAGA-1,Layer3
GCCCAGTTGGTATGCC-1,Layer3
GCCCGACTTCTTCCCG-1,Layer5
GCCCGAGAGTCTAAAT-1,Layer6
GCCCGATCTGTGGTCG-1,Layer6
GCCCGCGCGTAAACGG-1,Layer5
GCCCGCGCGTTTGACA-1,Layer3
GCCCGTAATACCTTCT-1,Layer3
GCCCTAGCCGTCGCGA-1,Layer5
GCCGAAATTCCTACGT-1,Layer3
GCCGACCCACGACTGC-1,WM
GCCGATTGGCCAAGCT-1,Layer4
GCCGCACTCCGTTTCA-1,Layer3
GCCGCATTAGTCCGGC-1,Layer3
GCCGCTAGATACGCAG-1,Layer3
GCCGCTTGTGAGAAAC-1,Layer3
GCCGGGTTAGGGTCGC-1,Layer4
GCCGTGGAAGAAATGT-1,Layer3
GCCTAGCGATCTGACC-1,Layer3
GCCTATAGTGTCAGGG-1,Layer3
GCCTATGCTGGGCCTT-1,Layer3
GCCTATTCCGATATAG-1,Layer3
GCCTATTTGCTACACA-1,Layer3
GCCTCATCTGGAAATA-1,Layer3
GCCTCCGACAATTCAC-1,Layer5
GCCTCTATACATAGCA-1,Layer6
GCCTGCTACACTGAGA-1,Layer3
GCCTTCAGCCCTACCG-1,Layer3
GCCTTGTATATGCAGT-1,Layer3
GCCTTTGTCAGTGGAC-1,Layer6
GCGAAACGATCGGGAG-1,Layer5
GCGAAACTTAACTGGA-1,Layer4
GCGAAGCCATACCCGT-1,Layer3
GCGACATGTAAACATC-1,Layer3
GCGACCCAACCATCTG-1,Layer6
GCGACGATAGTTGTAC-1,Layer5
GCGAGAAACGGGAGTT-1,Layer3
GCGAGAGGCCATGTAA-1,Layer3
GCGAGAGTTGCGTCCA-1,Layer3
GCGAGCGCATGCTCCC-1,Layer3
GCGAGGCCCGAGCAGA-1,Layer4
GCGAGTTCTGCAAAGA-1,Layer3
GCGATTCTGGAAGCAG-1,Layer3
GCGATTGTTAACGTTA-1,Layer3
GCGCAAATATATTCAA-1,Layer6
GCGCAAGAGCGCGCTG-1,Layer3
GCGCATCCAGTCAGCA-1,Layer3
GCGCCGTTCCACGATA-1,Layer4
GCGCCTCCCACTCCGA-1,Layer3
GCGCGTCATTGGTACA-1,Layer6
GCGCTAATTGAATAGA-1,Layer3
GCGCTATGCCGAGGCA-1,Layer5
GCGCTGATCCAGACTC-1,Layer3
GCGCTGCTTTGCATTT-1,Layer3
GCGCTTAAATAATTGG-1,Layer5
GCGGACCGCGTTGTGG-1,Layer6
GCGGAGAAACTTCGCA-1,Layer6
GCGGAGAGGGAGAACG-1,Layer5
GCGGCAAAGTATTGCC-1,Layer6
GCGGCTCTGACGTACC-1,Layer4
GCGGGAACCAGGCCCT-1,Layer3
GCGGGCATTACGATGC-1,Layer3
GCGGGCGAGCCTTACC-1,Layer6
GCGGTAACCCAAATGA-1,Layer3
GCGGTCCCGGTGAAGG-1,Layer3
GCGGTCCCTAGACGCA-1,Layer3
GCGGTGAACTGCGCTC-1,Layer3
GCGGTTCCCTATCATG-1,Layer5
GCGTAAATGGCCATAA-1,Layer3
GCGTCCCTAAGACATA-1,WM
GCGTCGAAATGTCGGT-1,Layer3
GCGTCGCCAGGGTGAT-1,Layer6
GCGTCTAACCTCCTAA-1,Layer3
GCGTCTCTGCATTGGG-1,Layer4
GCGTGGTACTGGGTTA-1,Layer3
GCGTGTATGTCGTATT-1,Layer3
GCGTTATATTTGGAAC-1,Layer3
GCGTTCGGAGACCGGG-1,Layer3
GCTAAACCTGAGGTGA-1,Layer3
GCTAACTGAAGTCTGA-1,Layer5
GCTAAGTAAAGGCGAT-1,Layer3
GCTAAGTAGTTTCTCT-1,Layer3
GCTAATACCGAATGCC-1,Layer3
GCTACAGTACGGACCG-1,Layer3
GCTACGACTTATTGGG-1,Layer4
GCTACTATAGTAGAGT-1,Layer5
GCTAGACCGTCTACTG-1,Layer3
GCTAGAGTAGAGATGT-1,Layer5
GCTAGCACCTGGGCCA-1,Layer3
GCTAGCAGGGAGTGGG-1,Layer3
GCTAGCGATAGGTCTT-1,WM
GCTAGCTTGAATAGCT-1,Layer6
GCTAGGCACCACGGAG-1,Layer5
GCTAGTAGAGCTTGTA-1,Layer3
GCTAGTTTCATTGAGG-1,Layer3
GCTATACGTCTCGGAC-1,Layer5
GCTATCATACTCATGG-1,Layer5
GCTATCGCGGCGCAAC-1,Layer3
GCTCAACCTCTTAGAG-1,Layer3
GCTCAATCCGTTTATT-1,Layer6
GCTCAATGTAATACCG-1,WM
GCTCATTACTGCATGT-1,Layer3
GCTCCCAGTCGGTCCA-1,Layer3
GCTCCGCTCGCTTCAG-1,Layer3
GCTCCGGACGTTGATA-1,Layer3
GCTCCTGACATACTGG-1,Layer6
GCTCGCGGTTCCGCTC-1,Layer3
GCTCGCTCATGTCCAA-1,Layer3
GCTCGGAATTTAAAGC-1,Layer3
GCTCTAAACCCTGACG-1,Layer3
GCTCTATGTTACGTGC-1,Layer3
GCTCTCGGGTACCGAA-1,Layer3
GCTCTTTCCGCTAGTG-1,WM
GCTGAACTCTCCAGGG-1,Layer3
GCTGAATCTTCCAATC-1,Layer6
GCTGAGCAACGGTTCT-1,Layer3
GCTGAGGCGTGAGTAT-1,Layer4
GCTGCACGGTTTCTTA-1,Layer3
GCTGCTAAGTAGTCGA-1,Layer6
GCTGCTACTGCGTAGC-1,Layer5
GCTGCTCTCCGGACAC-1,Layer3
GCTGGCAGGTGCCGTG-1,Layer3
GCTGGCATATTCACCT-1,Layer3
GCTGGCGGCGCATGCT-1,Layer6
GCTGGTTTAGGCCATA-1,Layer6
GCTGTATTACTGGCCC-1,Layer5
GCTGTCTGTGATCGAC-1,Layer3
GCTGTTGCTACCGAAC-1,Layer3
GCTTAATGTAACTAAC-1,Layer3
GCTTACGTAGTTAGTA-1,Layer3
GCTTATGAAGCAGGAA-1,Layer3
GCTTCCGTCCCTAGAC-1,Layer3
GCTTGATGATAATCAG-1,Layer3
GCTTGCAGCACAATTG-1,Layer3
GCTTGGATCGATTAGG-1,Layer3
GCTTTCAGAGGAGGTG-1,Layer3
GGAAACCTTGTTGAAT-1,Layer3
GGAAACTAAATGGGCC-1,Layer5
GGAAAGTGCCCATGCC-1,Layer3
GGAACCCGAACAAGAA-1,Layer3
GGAACCGTGTAAATTG-1,Layer5
GGAACCTTGACTCTGC-1,Layer6
GGAACGGCCTGCAGCC-1,Layer3
GGAACTTTGGCGATTA-1,Layer5
GGAAGCTCGCTTACAG-1,Layer3
GGAATAACCTCAAGAA-1,Layer3
GGAATGCGCTAGCGTG-1,Layer3
GGACACAAGTTTACAC-1,Layer3
GGACCAACAGGATAAC-1,Layer5
GGACCTACGGTAACGT-1,Layer3
GGACCTCTAGGCCGCC-1,Layer6
GGACGGCTTGCGCAAC-1,Layer3
GGACTAAGTCAGGAGT-1,Layer3
GGACTCACAAATTAGG-1,Layer3
GGACTCGTGAGTGGTC-1,WM
GGAGAAGTCATTGGCA-1,Layer3
GGAGACCAATGTGCTT-1,Layer3
GGAGACCATCTACATA-1,Layer5
GGAGACGACACCTTTG-1,Layer4
GGAGCAACATTTCAAG-1,Layer5
GGAGCACCAAGAACTA-1,Layer3
GGAGGATTGAAAGGAG-1,Layer3
GGAGGCCGAAGTCGTC-1,Layer3
GGAGGCGAAGAACCGC-1,Layer3
GGAGGGCTTGGTTGGC-1,Layer3
GGAGTGCCGCCCTGGA-1,Layer3
GGATACTCATGAATTG-1,Layer3
GGATCAAAGGACGAGG-1,Layer3
GGATCATCCCGTACGC-1,Layer3
GGATCCGGAATATACT-1,Layer3
GGATCTTACTGCCCTT-1,WM
GGATCTTGACTCAACC-1,Layer5
GGATGAAGATCGCTGA-1,Layer3
GGATGACGCGAGTTTA-1,Layer4
GGATGCTGGCGTTCCT-1,Layer3
GGATGTCCTTACCGCA-1,Layer3
GGATTAAGCTAAGGTC-1,Layer3
GGATTCAGTACGGTGG-1,Layer3
GGATTCCGCTATACCC-1,Layer3
GGATTGCTGTGACTCC-1,Layer6
GGATTTCACTTCTATA-1,Layer3
GGCAAAGGCGCCAATA-1,Layer6
GGCAAATTACTTTACT-1,Layer5
GGCAAGCCAGGGATAG-1,Layer3
GGCAAGGCGAAATAGC-1,Layer5
GGCAATAGTCAATGAG-1,Layer3
GGCACTCAGCCGACCC-1,Layer4
GGCACTCCACTGGGCA-1,Layer3
GGCAGAGAGATCGGGA-1,Layer3
GGCAGCAAACCTATGC-1,Layer4
GGCAGCGGTAATCCTA-1,Layer3
GGCATACAGGTAGCGG-1,Layer3
GGCATATCGGTTCTGC-1,Layer3
GGCATCAACGAGCACG-1,Layer3
GGCCCGGAGCATGTCT-1,Layer3
GGCCCGTATACCATGC-1,Layer3
GGCCCTCACCCACTTA-1,Layer3
GGCCGAGACTCTGGTG-1,WM
GGCCGGCGTCTGCTAT-1,WM
GGCCGTTTGGGTTTCA-1,WM
GGCCTGCTTCTCCCGA-1,Layer5
GGCCTTTGCAACTGGC-1,Layer3
GGCGAAATCTAACTTG-1,Layer3
GGCGAACCGTTCTGAT-1,Layer3
GGCGAGCGAAACGGCA-1,Layer5
GGCGCAGGACATCTTC-1,Layer3
GGCGCATGAATTGATG-1,Layer5
GGCGCGGAGATCTTTC-1,Layer6
GGCGCGTTCGAGTTTA-1,Layer5
GGCGCTCCTCATCAAT-1,Layer3
GGCGGAGTAATATTAG-1,Layer3
GGCGGTAGGATCATTG-1,Layer3
GGCGGTTTGCCGGTGC-1,Layer3
GGCGTAGGGAAAGCTG-1,Layer6
GGCGTCCTATCCGCTG-1,Layer3
GGCTAAAGGGCGGGTC-1,Layer3
GGCTACTATACACTCC-1,WM
GGCTATTAAGTTGTAT-1,Layer3
GGCTCCTCCACCTGTT-1,WM
GGCTCGCGTTGAGGTA-1,Layer3
GGCTCGTGCCACCAGC-1,Layer3
GGCTCTGCTCCAACGC-1,Layer3
GGCTGAAATAGCAAAG-1,Layer5
GGCTGAGCATCGTAAG-1,Layer3
GGCTGGCTAGCTTAAA-1,Layer3
GGCTTGGCTCTCACCT-1,Layer3
GGCTTTCAATAAGGGT-1,WM
GGGAACGGGAGGTTAG-1,Layer4
GGGAACGGTTTCAGAT-1,WM
GGGAAGACGGTCTGTC-1,WM
GGGAAGGGCTTTCTCA-1,Layer6
GGGAATGAGCCCTCAC-1,Layer3
GGGAATTCTGTCCAGT-1,Layer3
GGGACAGAGTTACTCC-1,Layer6
GGGACCCGTATATCTT-1,Layer6
GGGACTGCATAGATAG-1,Layer3
GGGAGAACTCACAGTA-1,Layer3
GGGAGGATGCCCGAAA-1,Layer4
GGGAGTAATGGCTGGC-1,Layer3
GGGAGTTAATGAGGCG-1,Layer3
GGGATACGGTAATAAT-1,Layer3
GGGATCCCAATACAAA-1,Layer3
GGGATGGTCGTAACCG-1,Layer5
GGGATTTACCGCACCT-1,Layer3
GGGCAACCGCACGTGC-1,Layer5
GGGCAGAGCAATCGTT-1,WM
GGGCCCGTCTTAAACA-1,Layer5
GGGCCCTACGAAAGGG-1,Layer3
GGGCCGGCCGAAGTAC-1,Layer3
GGGCCTAAATGGGCTA-1,Layer4
GGGCGAATTTCTCCAC-1,Layer3
GGGCGATATGTGTGAA-1,Layer3
GGGCGCAGCGTTACTC-1,Layer3
GGGCGGCAAATGAATT-1,Layer5
GGGCGGGTTCCCTACG-1,Layer5
GGGCGGTCCTATTGTC-1,Layer3
GGGCGTACATTTATAT-1,Layer3
GGGCGTCACCACGTAA-1,Layer5
GGGCGTCCACTGGCTC-1,Layer3
GGGCGTGGTTTCCCAG-1,Layer6
GGGCGTTTACATTCAT-1,WM
GGGCTATGATCGATGG-1,Layer6
GGGCTCATCGAACCCA-1,Layer3
GGGCTGCCTAGGGCGA-1,Layer3
GGGCTGGTTAGTCGCG-1,Layer3
GGGTAATGCTGTGTTT-1,Layer3
GGGTACCCACGGTCCT-1,Layer3
GGGTACTTCATGAACT-1,Layer4
GGGTATGTATGCACTT-1,Layer3
GGGTATTCTAGCAAAC-1,Layer5
GGGTCACCGTGACGGT-1,Layer3
GGGTCACGTGCTTATG-1,Layer3
GGGTCAGGAGCTAGAT-1,WM
GGGTCATGCGTACCAT-1,Layer3
GGGTCGTGGCAAGTGT-1,Layer3
GGGTGACACCTTAACT-1,Layer5
GGGTGCATATGAAAGC-1,Layer3
GGGTGGTCCAGCCTGT-1,Layer3
GGGTGTTTCAGCTATG-1,Layer3
GGGTTAACATTTGAGT-1,Layer6
GGGTTCAGACGAACAA-1,Layer3
GGGTTTAGGATAGGAT-1,Layer3
GGTAAATGTGCGTTAC-1,Layer3
GGTAACCGGGAGGATA-1,Layer6
GGTAACTATGTATCTG-1,Layer3
GGTACAAACATGCTAT-1,Layer4
GGTACACCAGATTTAT-1,Layer3
GGTACATCTGGGACGA-1,Layer3
GGTACCATTAAGACGG-1,Layer3
GGTACTAAGTGCTTTG-1,Layer3
GGTAGAAGACCGCCTG-1,Layer6
GGTAGACCGTTGGGCG-1,Layer6
GGTAGTGCTCGCACCA-1,Layer3
GGTATAGTGACACATA-1,Layer3
GGTATTGCCGAGTTTA-1,Layer3
GGTCAAGACTACTTCG-1,Layer5
GGTCACGTTAGATTCA-1,Layer3
GGTCAGTGGGTCCCAC-1,Layer5
GGTCCCATAACATAGA-1,Layer3
GGTCGGATAAACGGCG-1,Layer3
GGTCGGCCAGGAGCTT-1,Layer3
GGTCGGTAATTAGACA-1,Layer3
GGTCGGTCGTCCACAG-1,Layer6
GGTCGTAAGCTCGCAC-1,Layer5
GGTCTCCAAGTAGTGC-1,Layer3
GGTCTCTGAATGGACT-1,Layer6
GGTCTGAGAATCTGGA-1,Layer3
GGTCTTGAGCGCTCTT-1,WM
GGTGAAACCGGGAATG-1,Layer3
GGTGAACGGGCTAGCC-1,Layer3
GGTGAAGTACAGGGAT-1,Layer5
GGTGAGATGCAGATAA-1,Layer3
GGTGATAAGGAGCAGT-1,Layer3
GGTGATTTCATCTTGT-1,Layer3
GGTGCGGATAAGTGGC-1,Layer3
GGTGCTGATCACAAAG-1,Layer3
GGTGCTGGTACACATT-1,Layer5
GGTGGACCACGTGTTA-1,Layer3
GGTGGACTGCTCTGGC-1,Layer5
GGTGGAGGTTGATACG-1,Layer3
GGTGTTCTGTTTCTAC-1,Layer3
GGTGTTGGGCGTCTTA-1,Layer3
GGTTACCACCCTCGGG-1,Layer5
GGTTACCCGACACTTT-1,Layer3
GGTTAGCTATATGTCT-1,Layer4
GGTTAGGCTTGGAGAA-1,Layer3
GGTTAGTTACGGCGCC-1,Layer3
GGTTCCACCCGCTTCT-1,Layer3
GGTTCTACTCGTCTGA-1,Layer3
GGTTGTGCTCTTGTCC-1,Layer3
GGTTGTGTAGCCTGGC-1,Layer3
GGTTTAATTACCATCG-1,WM
GGTTTAATTGAGCAGG-1,Layer3
GGTTTACAATCTCAAT-1,Layer3
GGTTTAGCCTTTCTTG-1,Layer3
GGTTTCAATCGGTCAG-1,Layer3
GGTTTGAGTGCTGGAA-1,Layer3
GGTTTGTGACCTGAGG-1,Layer5
GTAACATCTAAGATAA-1,Layer5
GTAACTGCCCAAGGAG-1,WM
GTAACTTGCGGCAGTC-1,Layer3
GTAAGCGGGCAGTCAG-1,Layer3
GTAAGGATTTGTCGGA-1,Layer3
GTAAGTAACAGTCTGG-1,Layer3
GTAAGTAGGGTATACC-1,Layer3
GTAAGTCCACACTCTA-1,Layer3
GTAATAAAGGGCTCCC-1,Layer3
GTAATCTGATTCTTCG-1,Layer5
GTACACTTACCTGAAG-1,Layer3
GTACAGAGGCAAGGGT-1,Layer3
GTACGACGGCGCTGCG-1,Layer3
GTACGAGATTGCGACA-1,Layer3
GTACGCTTCATTGCAC-1,Layer5
GTACGTTTGCCCGTCA-1,Layer5
GTACTAAGATTTGGAG-1,Layer3
GTACTCCCTTATCGCT-1,Layer3
GTACTCCTGGGTATGC-1,Layer3
GTACTGAGGTCGTAAC-1,Layer3
GTACTGCATGAAGCGT-1,Layer3
GTACTGGAGTTAGACC-1,Layer3
GTACTTGGGCACTTCT-1,Layer3
GTAGAAACGGGTGGAG-1,Layer3
GTAGACAACCGATGAA-1,Layer3
GTAGACACGCCTGACT-1,WM
GTAGACGTCGTTACAT-1,Layer3
GTAGAGGGAGACAAGT-1,Layer5
GTAGCCAAACATGGGA-1,Layer5
GTAGCGCTGTTGTAGT-1,Layer3
GTAGCGGCTATACACT-1,Layer3
GTAGCTCCGGGAGGCT-1,WM
GTAGCTTCCTCTTGTT-1,Layer3
GTAGGTGATCCGTGTA-1,Layer3
GTAGTCGCGGGAATCA-1,Layer5
GTAGTCTACGATATTG-1,WM
GTAGTTCGAAGGCGAA-1,WM
GTATAATCTCCCGGAT-1,Layer3
GTATAGGACTCAGTAG-1,Layer3
GTATAGTGGCCCATGT-1,Layer3
GTATCAAACGTTAGCT-1,Layer5
GTATCAGCTTGGGTTC-1,Layer3
GTATCCTTTGGTAACC-1,Layer6
GTATCTCAGTCTTGAC-1,Layer6
GTATCTCGGGCGCTTT-1,
GTATCTTTCATAACCA-1,Layer5
GTATGAAATTTCACTC-1,Layer5
GTATGACGTGGGAAAC-1,Layer3
GTATGTGGGTCTAGTT-1,Layer3
GTATTAAGGCGTCTAA-1,Layer3
GTATTCTGAGAAACGA-1,Layer5
GTATTTAATGGCATAA-1,Layer3
GTCAAAGAAGTGGTGT-1,Layer6
GTCAAAGTTTACATAG-1,Layer3
GTCAAGCGGACTCGGG-1,Layer3
GTCAATGCTATAATTT-1,Layer3
GTCAATTGTACTGAAG-1,Layer3
GTCACAAAGTTTCCAA-1,Layer3
GTCACCTGTCTATGTC-1,Layer3
GTCACTCTCCAAATCT-1,Layer3
GTCAGAATAGTCTATG-1,Layer3
GTCAGTTGTGCTCGTT-1,Layer3
GTCAGTTTGGTAGTCG-1,Layer3
GTCATGCACCTCCGTT-1,Layer3
GTCATGGACATGACTA-1,Layer3
GTCATTAGAGCGAACG-1,Layer3
GTCATTGCATTGACCC-1,Layer3
GTCCAATATTTAGCCT-1,WM
GTCCATTACTGCTACG-1,Layer3
GTCCCAACGTAAAGTA-1,Layer3
GTCCCGCGACGTTATG-1,Layer6
GTCCGAGAGCAATCAT-1,Layer3
GTCCGGACCTGAAATT-1,Layer5
GTCCGGCTGAATTGCG-1,Layer3
GTCCTACAGGCGGCTC-1,Layer3
GTCCTACGAATAGTCT-1,Layer5
GTCCTATTGTTGTGGT-1,Layer3
GTCCTTCTACAACCCA-1,Layer3
GTCCTTCTAGTGGGTT-1,Layer3
GTCCTTTAATGACTTC-1,Layer3
GTCGATAGGTGACTTT-1,Layer3
GTCGCCGTTGTGTGTT-1,Layer6
GTCGCGTAACCCGTTG-1,Layer3
GTCGGATATCTCAGAC-1,Layer3
GTCGGATGTAGCGCGC-1,Layer3
GTCGGGAAGCAGAAAC-1,WM
GTCGTACCATCTCGGG-1,Layer5
GTCGTACCTACGATTG-1,Layer3
GTCGTATTGGCGTACA-1,Layer3
GTCGTCAATTATAAGG-1,Layer3
GTCGTCTGGTTGGCTA-1,Layer3
GTCGTGTCTGGTCATC-1,Layer3
GTCGTTATTCGCTTAT-1,Layer5
GTCTACTCAATTACAA-1,Layer3
GTCTATCTGAGTTTCT-1,Layer5
GTCTATTGGTTCCGGT-1,Layer5
GTCTCAAGGCCCGGCT-1,WM
GTCTCCTGCCAGTATG-1,Layer6
GTCTCGACTAAGTTTG-1,Layer3
GTCTCGATCTGCTTTC-1,Layer3
GTCTGGGCGGTCGAGA-1,Layer5
GTCTTAGTACAGCCGG-1,Layer3
GTCTTGAGGAGCAGTG-1,Layer3
GTCTTGTAGCTATTCA-1,Layer3
GTGAAACGGCGCCACC-1,Layer3
GTGAAACGTGCTCCAC-1,Layer3
GTGAACTCCCATTCGA-1,Layer3
GTGAAGATTTCAAGTG-1,Layer3
GTGAAGCCGTATAGTC-1,Layer3
GTGACAGCTTCCCACT-1,WM
GTGACCGCACACTACG-1,Layer3
GTGACCTAAAGAATAA-1,Layer3
GTGACGAGGGTGACCC-1,Layer3
GTGACGCAGGTTTCAT-1,WM
GTGACTTCAGTAGTGC-1,Layer5
GTGAGCGTGCTGCACT-1,Layer3
GTGAGGACACTTAAGG-1,Layer3
GTGAGGAGCGGTTGAG-1,Layer3
GTGAGTCTAAGACGGA-1,Layer3
GTGAGTGGTACAACGC-1,Layer6
GTGATCAAGCGTGCAC-1,WM
GTGATCACTAACGCCT-1,Layer4
GTGATCATAGATCTGC-1,Layer5
GTGATCCTTGTCATGA-1,Layer6
GTGATGCACAACATCT-1,Layer3
GTGATTCGCCGCTCAA-1,Layer5
GTGCAACAAATGTGGC-1,Layer3
GTGCACCAGCTTCAAC-1,WM
GTGCACGAAAGTGACT-1,Layer3
GTGCAGCGTAGAGTAG-1,Layer3
GTGCCATCACACGGTG-1,Layer5
GTGCCCGTTCGGATTC-1,Layer3
GTGCCGCTTCAAAGGT-1,Layer5
GTGCCTCAGTGTACGG-1,Layer3
GTGCGAAATCGAACAC-1,Layer5
GTGCGACAGGGAGTGT-1,Layer3
GTGCGGGACCATCGGC-1,Layer3
GTGCGGGTCTCCAAAT-1,Layer3
GTGCGTGTATATGAGC-1,Layer3
GTGCTCAAGTACTGTC-1,Layer3
GTGCTTACATCAGCGC-1,Layer3
GTGGAACCTACATGCG-1,Layer3
GTGGACCAACCCGATT-1,Layer5
GTGGACGCATTTGTCC-1,Layer6
GTGGACGTGCTGAGAC-1,Layer3
GTGGAGCATGTCGGCC-1,Layer3
GTGGAGCGTTTACCGA-1,Layer6
GTGGAGTCGGCGGTTG-1,Layer6
GTGGCAAACAGCGGCA-1,Layer5
GTGGCCTAATATCATT-1,Layer3
GTGGCGGTCCCAGCGT-1,Layer4
GTGGCGTGCACCAGAG-1,Layer3
GTGGGAAGACTGAATC-1,Layer5
GTGGGCTTAGACACAC-1,Layer3
GTGGTATAGTCTGCCG-1,Layer6
GTGGTCAGCGAAGTAT-1,Layer3
GTGGTGGCCAAGTGAA-1,Layer4
GTGGTTACTTCTTTCG-1,Layer3
GTGGTTTCCGCCTTTC-1,Layer5
GTGTACCTTGGCTACG-1,Layer3
GTGTATATCAGCGGGC-1,Layer6
GTGTCCGATAAGGCAT-1,Layer3
GTGTCGTATAGCGTTC-1,Layer5
GTGTGAATAACTTAGG-1,Layer3
GTGTTACTATGCGTCC-1,Layer3
GTTAAAGTAGGACTGG-1,Layer5
GTTAACATCACTTAAA-1,Layer6
GTTAACTATGTTGTCA-1,Layer3
GTTAAGGGTGCGATGT-1,WM
GTTAAGTTAGAGTGGG-1,Layer3
GTTAATGTCTATCTTA-1,Layer3
GTTACAATTGGTGACG-1,Layer4
GTTACCTACAACTTGC-1,Layer5
GTTACTTTGGGCCTAG-1,Layer5
GTTAGAGTGTGCCGCT-1,Layer3
GTTAGCCGTAAATCAA-1,Layer3
GTTAGGCTACCCGTTT-1,Layer5
GTTATAATACGGTGAA-1,Layer4
GTTATATCAGGAGCCA-1,Layer3
GTTATATTATCTCCCT-1,Layer5
GTTATCACCTTCTGAA-1,Layer3
GTTATTAAATACGACC-1,Layer3
GTTATTAACGTGGGAG-1,Layer3
GTTCAATCTATGTCAA-1,Layer3
GTTCACAGGAGTCTAG-1,Layer3
GTTCATCGTTTGGCTG-1,Layer3
GTTCCAGTCTGACCAT-1,Layer3
GTTCCCGTAAACATAT-1,Layer5
GTTCGCCATAAGTGCC-1,Layer4
GTTCGCTGAGACGTCT-1,Layer4
GTTCGGATCGGGAACA-1,Layer3
GTTCGGGCGTACCATT-1,Layer3
GTTCGTCTAAAGAACT-1,Layer5
GTTCGTCTGGGTCCCT-1,Layer3
GTTCTTCCCTCGATGT-1,Layer3
GTTGAACCGGTTCCAT-1,Layer5
GTTGAGTCCCGCCGGT-1,Layer5
GTTGCACGGAGTTTCG-1,Layer3
GTTGCGCTAACATTAC-1,Layer3
GTTGCGGACGGTCAGG-1,Layer4
GTTGGACCGCATCAGG-1,Layer3
GTTGGATTCAGTGGCT-1,Layer3
GTTGGATTGAGAACAC-1,Layer3
GTTGGATTTGCGTTGG-1,Layer3
GTTGGTCATGCTATCC-1,Layer6
GTTGTCGTGTTAGTTG-1,Layer3
GTTTACGTTCCATCTG-1,Layer5
GTTTATGGGATTTAGA-1,Layer3
GTTTCAAACGAGTTGT-1,Layer5
GTTTCATATCGTCGCT-1,Layer4
GTTTCCTGGAGGGTGA-1,Layer3
GTTTCTGCAGTCTCCC-1,Layer3
GTTTGACCAAATCCTA-1,Layer3
GTTTGGCCCAAGTTAT-1,Layer3
GTTTGGCCGCTCAGCG-1,Layer3
GTTTGGGCTTGTGAGC-1,Layer5
GTTTGGGTTTCGCCCG-1,Layer6
GTTTGGTAGGGTCAAC-1,Layer6
GTTTGGTGATCGGTGC-1,WM
TAAACCCAGGAGGGCA-1,Layer6
TAAACGTCGTCAATGA-1,Layer3
TAAAGACAACCCTTTA-1,Layer3
TAAAGAGCCCGAAACC-1,Layer3
TAAAGCGGTATTTCCA-1,WM
TAAAGCGTTAGGAGAA-1,Layer3
TAAAGCTGCAATAGGG-1,Layer3
TAAATCTTTACACCTC-1,Layer3
TAAATGAATCCGTTTC-1,Layer3
TAACAAAGGGAGAAGC-1,Layer3
TAACAATATTTGTTGC-1,Layer3
TAACAGCGTTTGTGCT-1,WM
TAACATACAATGTGGG-1,Layer3
TAACATACACGCGATC-1,Layer6
TAACCGCCCGCAGTGC-1,Layer3
TAACCTACCGTCCGAG-1,Layer3
TAACCTAGGGAGTCCA-1,Layer5
TAACGCTTTGAGAGCG-1,Layer3
TAACTATCGAAGGTCC-1,Layer3
TAACTATTACGCCAAA-1,Layer3
TAACTCATCCGCGCGG-1,Layer5
TAACTCCATGGAGGCT-1,Layer3
TAAGAGGGACAGGGAC-1,Layer6
TAAGCAGGCGACACGC-1,Layer3
TAAGCGCGAATCAAAT-1,WM
TAAGGAACTTGTGGGA-1,Layer3
TAAGGCAACATAAGAT-1,Layer3
TAAGGCATAACATCAA-1,Layer6
TAAGGCCCGTCACCCT-1,WM
TAAGGCTGAATCCCTC-1,Layer3
TAAGGGCCTGTCCGAT-1,Layer5
TAAGGGCTGGGAGAGG-1,Layer3
TAAGTAAATGTGCCGC-1,Layer3
TAAGTAACATCTTGAC-1,Layer5
TAAGTCGCCGAGTATC-1,Layer6
TAAGTTGCGACGTAGG-1,Layer5
TAATAAACAAGGAGAT-1,Layer3
TAATACACAGTAGTAT-1,Layer3
TAATAGAACAGAGTTA-1,Layer5
TAATAGCTAAATGATG-1,Layer3
TAATAGGTCACCAGAA-1,Layer6
TAATAGTGACGACCAG-1,Layer3
TAATATTGAAATTCGC-1,Layer3
TAATCAACCAAATGGG-1,Layer3
TAATCGATCCGTACGT-1,Layer3
TAATGAAAGACCCTTG-1,Layer3
TAATTACGTCAGTAGA-1,Layer5
TAATTAGATGGATATG-1,Layer3
TAATTAGGACATCCGT-1,Layer3
TAATTGGAATCGGGAA-1,Layer3
TACAACGCACAACTCA-1,Layer5
TACAAGTCTCGTGCAT-1,Layer3
TACACCGTCGTTAGTC-1,Layer3
TACAGAAACGGTGGGC-1,Layer6
TACATAGGCATACACC-1,Layer4
TACATCCCTATCCCTG-1,Layer4
TACATGACCTTATCCG-1,Layer3
TACATGCCGGAATTGT-1,Layer4
TACATTTCTAACGTGC-1,Layer4
TACCAAATAGCCCAGA-1,WM
TACCAATAAAGTACCA-1,Layer5
TACCAGAAGTAGGTTC-1,Layer5
TACCAGCTAGGTTTAA-1,Layer3
TACCATGTATTGATTT-1,Layer3
TACCGCGGACTTGCAG-1,Layer3
TACCGGCTCACTGCCC-1,Layer5
TACCGGTCGTTTCCAT-1,Layer5
TACCGTAGGTTAACTA-1,WM
TACCGTGCCTCGGACC-1,Layer5
TACCTACTCCCAGTAT-1,WM
TACCTCACGCTTGTAC-1,Layer3
TACCTCAGTTGTCTGT-1,WM
TACCTCCACACCAATG-1,WM
TACCTGCTGCACTGTG-1,Layer3
TACCTTAAGATTTCCC-1,Layer5
TACGAACACGACTTCA-1,Layer3
TACGACGCTTGCTGCG-1,Layer5
TACGACTGCCTCTTAG-1,Layer5
TACGAGAACTTCACGT-1,Layer3
TACGATGTTGATCATC-1,Layer3
TACGCAGTTCTTTCCT-1,Layer5
TACGCCATATTCTAAT-1,Layer4
TACGCCGAGGGTACCC-1,Layer6
TACGCCTCCATTCCGA-1,Layer6
TACGCTATAGAAACCT-1,Layer3
TACGCTCGGTATTGGA-1,Layer5
TACGGGATGCTAGCAG-1,Layer3
TACGTACTAGTGCTGA-1,WM
TACGTGCAAGGTTCCT-1,Layer3
TACGTGCACTATGCTG-1,Layer3
TACGTTTACCGGCAAT-1,Layer5
TACTATGGTTCCTCAG-1,Layer6
TACTCCTCTAGTTGAC-1,WM
TACTCGGCACGCCGGG-1,Layer3
TACTCTCCGAACAAAT-1,Layer3
TACTCTTACTTTACTG-1,Layer5
TACTCTTTCGTCTTCA-1,WM
TACTGAACAGATTTAG-1,Layer6
TACTGCAATCAATTAC-1,Layer3
TACTGGACAGCTCGGC-1,Layer3
TACTGTTTCTCTGGTA-1,Layer3
TACTTGTTAGTAGTCC-1,Layer3
TACTTTACTGAGCCGG-1,Layer3
TACTTTCCGCACGCCA-1,Layer5
TAGAAACCACTAAGTA-1,Layer3
TAGAAAGGTGGCGCTA-1,Layer3
TAGAAATTCACGTATA-1,Layer3
TAGAATAGCCGATGAA-1,Layer5
TAGAATTAAGGGCAAC-1,Layer3
TAGACGAAACGCCAAT-1,WM
TAGACGCCCGTACCGG-1,Layer3
TAGACTACCTAGCGTT-1,Layer3
TAGAGATCATGCAACT-1,Layer5
TAGAGCTACGAAGAAC-1,Layer3
TAGAGGTTCTACTTGT-1,Layer5
TAGAGTCTAAGCGAAC-1,Layer3
TAGATATGGACTGGAA-1,Layer5
TAGATCCGAAGTCGCA-1,Layer3
TAGATGGTTCCTTACT-1,Layer5
TAGATTCCTGGTTATT-1,Layer3
TAGCAACCTGTCACAA-1,Layer3
TAGCCATTTCAAAGTC-1,Layer3
TAGCCGGCGGTCAGCG-1,Layer3
TAGCGTCCCTCGATTG-1,Layer3
TAGCGTCCGGTGTGGT-1,Layer5
TAGCGTTGGGTCTTAC-1,Layer3
TAGCTAAGTCCGGGAG-1,Layer3
TAGCTAGAAGGCATGA-1,Layer6
TAGCTAGTGATGATGG-1,WM
TAGCTCGCCTGATAAC-1,Layer5
TAGCTGATGTGAAGCG-1,Layer3
TAGGAACAGCCTCCAG-1,Layer3
TAGGCATGTTACGCCA-1,Layer3
TAGGCGATGAGGTCTC-1,Layer5
TAGGGAGCTTGGGATG-1,Layer3
TAGGGTGTTTCAAGAG-1,Layer3
TAGGTCCAAGTAAGGA-1,Layer3
TAGGTCGCCGGAACTG-1,Layer3
TAGGTGACGATAACCT-1,Layer6
TAGGTGAGCCCTACTC-1,Layer3
TAGGTGCTCGCCTAGC-1,Layer3
TAGGTGTTCCACAGAT-1,WM
TAGGTTCGAGTTCGTC-1,Layer3
TAGTACCACAACTTTC-1,Layer6
TAGTACCTTAGTGGTC-1,Layer3
TAGTAGCTTATACCAG-1,WM
TAGTCCCGGAGACCAC-1,WM
TAGTCCGCAGAGAATG-1,Layer4
TAGTCCGTATGCATAA-1,Layer3
TAGTCGATCACGGGTT-1,Layer4
TAGTCTAACAACGAGA-1,Layer5
TAGTCTGTGACGTTGC-1,Layer3
TAGTCTTTCCGAATTG-1,Layer3
TAGTGCCCTCCAGAGT-1,Layer3
TAGTGTCAGAAACGGC-1,Layer3
TAGTTAAGATAGGATA-1,Layer3
TAGTTTATTCTTGCTT-1,Layer3
TATAAATCCACAAGCT-1,Layer3
TATAAGTGAGGATAGC-1,Layer3
TATACACAGACGCCTT-1,Layer5
TATACACGCAAAGTAT-1,Layer3
TATACCGAGTGCCACA-1,Layer3
TATACGCGTCATCACT-1,WM
TATACTCATGCGGCAA-1,Layer3
TATAGAGTCGCTTGAA-1,WM
TATAGATGGTCGCAGT-1,Layer3
TATAGCGCACGTTATC-1,Layer4
TATAGGGTACTCATGA-1,Layer3
TATATAGGGCTTTACG-1,WM
TATATATCGAGAAATG-1,Layer6
TATATCCCTGGGAGGA-1,Layer3
TATATGCTGGGTTGCC-1,Layer3
TATATTACAAATGTCG-1,Layer3
TATATTCGCGTCGATA-1,Layer3
TATCAAAGGTCTGTAA-1,Layer3
TATCACAGCACGGGCA-1,Layer3
TATCACCATGTAAAGT-1,Layer3
TATCACCCAACCGACC-1,Layer3
TATCACTTCGAGTAAC-1,Layer3
TATCAGTGGCGTAGTC-1,Layer5
TATCCAATTGGTTATC-1,Layer5
TATCCATATCATGCGA-1,Layer3
TATCCATCTCGGTTAG-1,Layer6
TATCCGCACCGTCGGG-1,WM
TATCCTGCATGGGAAT-1,Layer3
TATCGATCTATGCATA-1,Layer3
TATCGATGATTAAACG-1,Layer3
TATCTACAGAGGTAAT-1,Layer3
TATCTACCACAGCGGG-1,Layer4
TATCTAGCCTAAAGGA-1,Layer3
TATCTTGCAATACAAC-1,Layer5
TATGAAGACAGGTGCG-1,Layer3
TATGATAAATCTAACG-1,Layer3
TATGATCCGGCACGCC-1,Layer3
TATGATCTTCTCTTTA-1,Layer5
TATGATTCTGCTTGGT-1,Layer3
TATGCTCCCTACTTAC-1,Layer3
TATGGAGTTTCTCGTT-1,Layer3
TATGGATGTGCTACGC-1,Layer3
TATGGCCCGGCCTCGC-1,Layer3
TATGGCTAGGCTAATT-1,Layer3
TATGGGACCGAGCAGG-1,Layer3
TATGGGTACGTATCGT-1,Layer3
TATGGTCTGAGTAACA-1,Layer3
TATGGTTAGTGGGAGA-1,Layer3
TATGTCAAGACCGACT-1,Layer3
TATGTCTCATTGTGCC-1,Layer3
TATTAACACCAAAGCA-1,Layer5
TATTAACCTGACCGCG-1,Layer6
TATTACCATCCTGCTT-1,Layer3
TATTATGTTTGCCTGC-1,Layer6
TATTCAATTCTAATCC-1,Layer3
TATTCCACTCAGCTCG-1,Layer5
TATTCCGAGCTGTTAT-1,Layer5
TATTCCGGCAGTCCTA-1,Layer3
TATTCCTCCGCCCACT-1,Layer5
TATTCGTGCCAGAATA-1,Layer3
TATTGACATTTCTGCC-1,Layer3
TATTTAGTCTAGATCG-1,Layer3
TATTTATACCGAGTAG-1,Layer3
TATTTGATTTGCACAG-1,Layer4
TATTTGTTACCCTTTA-1,Layer3
TCAAACAACCGCGTCG-1,Layer3
TCAAACTTAGATTGTT-1,Layer3
TCAAAGTCACGGCGTC-1,
TCAAATTTGAGACTCA-1,WM
TCAACAAAGATAATTC-1,Layer5
TCAACACATTGGGTAA-1,Layer3
TCAACATAGCGCCCTA-1,WM
TCAACATCGACCGAGA-1,Layer5
TCAACCATGTTCGGGC-1,Layer3
TCAACGAGGAGACAAA-1,Layer5
TCAACGCAGGAAATAA-1,Layer5
TCAACGCGACCGGCAG-1,Layer4
TCAACTAACGTATAAC-1,Layer3
TCAACTGCAGAGTCAG-1,Layer5
TCAAGAAATACTAGCT-1,Layer3
TCAAGCGCGGACGGTA-1,Layer5
TCAAGCTGCCTTGAAA-1,Layer3
TCAAGGTTACTACACC-1,Layer3
TCAATACGCCGTCATG-1,WM
TCACAAACCGAGGTAC-1,Layer5
TCACAGATCCTCAAAC-1,Layer3
TCACAGCAAACTCGAA-1,Layer6
TCACAGGAGAATAAGA-1,Layer6
TCACAGGGAATCGCAA-1,Layer5
TCACAGGTTATTGGGC-1,Layer3
TCACATCTTATCTGAT-1,Layer3
TCACCCTCTTAAGATT-1,Layer5
TCACCGCTCGGCACTC-1,Layer3
TCACGATGTCCGTGGA-1,Layer5
TCACGCATTGTAGATC-1,Layer3
TCACGGTCATCGCACA-1,Layer3
TCACGTGCCCGATTCA-1,Layer3
TCACTACGACCAATGC-1,Layer3
TCACTCGTGCAACGGC-1,Layer3
TCACTCTTCGTCTGTC-1,Layer3
TCAGAACCTCCACAGG-1,Layer3
TCAGACGCTATAGAAG-1,Layer5
TCAGCAAATGCATCTC-1,Layer3
TCAGCAGTAGGCCCTG-1,WM
TCAGGGCGACTTCCTT-1,Layer3
TCAGGGCGCAAACTCG-1,Layer3
TCAGGGTGCACGAAAC-1,Layer3
TCAGGGTGTAACGTAA-1,Layer3
TCAGGTTCTTTGAGAA-1,Layer3
TCAGTACTGACCCGCG-1,Layer3
TCAGTAGGGACTATAA-1,Layer5
TCAGTGTATACGTCAT-1,Layer6
TCAGTTACGGAATGAT-1,Layer3
TCATACTTACAGATCC-1,Layer3
TCATATGAGCTTTGTT-1,WM
TCATCACTCGAGCTCG-1,Layer3
TCATCCCAGAGGGTGG-1,Layer3
TCATCGATGGTCCCAA-1,Layer6
TCATGCAGGTTCTCAT-1,Layer3
TCATTTAAGTCTCCGA-1,Layer3
TCATTTAGAAGTGTGA-1,Layer5
TCCAACTTTAAATTCT-1,Layer5
TCCAATAAAGGCTACC-1,WM
TCCACAATGGTTTACG-1,Layer3
TCCACCTCTAGCCTTT-1,WM
TCCACTTTATCTAGGT-1,Layer3
TCCAGAGCACCGGTTC-1,Layer3
TCCAGATGTACGCCAA-1,Layer3
TCCAGCGCTATAAGCG-1,Layer4
TCCAGGCGAGTACGGT-1,Layer3
TCCAGGGTATATACGA-1,WM
TCCATCAATACTAATC-1,Layer6
TCCATTAGTTGGATAG-1,Layer3
TCCATTCCCACTAGAG-1,Layer3
TCCATTGTGACCTCGT-1,Layer3
TCCCAAACAGACAACG-1,Layer3
TCCCAAAGACGAAGGA-1,Layer3
TCCCAAAGCCCTAAAT-1,Layer3
TCCCACTCTCTTCCGG-1,Layer3
TCCCAGCTTTAGTCTG-1,Layer3
TCCCAGGCTTAGCTAA-1,Layer3
TCCCGCCTATGTGCGT-1,Layer3
TCCCGCGTACTCCTGG-1,Layer3
TCCCGGGTGTGCTGCT-1,Layer3
TCCCGGTCAGGAATTT-1,Layer3
TCCCGTCAGTCCCGCA-1,Layer3
TCCCGTCGCGTCATAG-1,Layer3
TCCCGTGTGCAATTTG-1,Layer4
TCCCTAGATCAATAGG-1,Layer3
TCCCTGGCGTATTAAC-1,Layer6
TCCCTGGCTCGCTGGA-1,Layer3
TCCCTTAGATTACTCG-1,Layer3
TCCGAACGTTGCCGCT-1,Layer3
TCCGAACTTGGCTTAC-1,Layer3
TCCGAATGGTCCTGAG-1,Layer3
TCCGAGAAGGCTAAGC-1,Layer3
TCCGATAATTGCCATA-1,Layer3
TCCGATGACTGAGCTC-1,Layer3
TCCGATGGTGCGACAT-1,Layer3
TCCGATTACATTGCCG-1,Layer3
TCCGCCTGTCTACAAG-1,Layer6
TCCGCGGCAGCATCTG-1,Layer3
TCCGCGGCCCAATGAA-1,Layer5
TCCGCTGTCATCCCGG-1,Layer5
TCCGCTTATCCCATTA-1,Layer5
TCCGGCCTAGCGTACA-1,Layer3
TCCGGTTCGTCCGGTC-1,Layer6
TCCGTAACCACAATCC-1,Layer3
TCCGTTAAGCTAATAT-1,Layer5
TCCGTTTAGCCTTGAA-1,Layer3
TCCTAAATTGGGAAGC-1,Layer6
TCCTAACCGTCGGGCA-1,WM
TCCTACATCCACGGCC-1,Layer4
TCCTAGCAAAGAAGCT-1,Layer5
TCCTATCATAGGTAAC-1,Layer3
TCCTCCTAAGACATTC-1,Layer5
TCCTCGGGCTGGGCTT-1,Layer3
TCCTCTACGAGATGGC-1,Layer3
TCCTCTCCAGTTGTCC-1,Layer3
TCCTCTGGCCCATTAG-1,Layer3
TCCTGCCAACTGGAGA-1,Layer3
TCCTGCGTTGATACTC-1,Layer4
TCCTTACGACGGTCCG-1,Layer4
TCCTTCAGTGGTCGAA-1,Layer3
TCCTTTAAATCCGCTT-1,Layer5
TCCTTTCTTACGCTTA-1,Layer3
TCGAAATTTAGGACCA-1,Layer3
TCGAAGAACCGAGCAC-1,Layer3
TCGAATATCCCGCAGG-1,Layer6
TCGACAACTGAACCCG-1,Layer6
TCGAGACCAACACCGT-1,Layer4
TCGAGCCAGGCAGGCC-1,Layer6
TCGAGGGCAACAGACG-1,Layer5
TCGATAGGCTAGTCGC-1,Layer3
TCGCAAAGATGCATTT-1,Layer5
TCGCACCAGGAGGCAG-1,Layer5
TCGCATCCCTAAGTGT-1,Layer3
TCGCATTCAATGACTT-1,Layer3
TCGCCCACTGCGAGAG-1,Layer3
TCGCCGAAGTTGCGTC-1,Layer5
TCGCCGGATGGGCAAG-1,Layer3
TCGCCGGTCGATCCGT-1,Layer3
TCGCGTAGCAGTGTCC-1,Layer5
TCGCGTCCAGAAGGTC-1,Layer3
TCGCTAAACCGCTATC-1,Layer3
TCGCTACTGGCTTTGA-1,WM
TCGCTCGATATATTCC-1,Layer3
TCGCTCGGCACCAGCG-1,Layer3
TCGCTGGGCGGATTGT-1,Layer3
TCGCTGTGCGTAAATC-1,Layer3
TCGCTTTAAACGTTTG-1,Layer3
TCGGAATGACCATCAA-1,Layer3
TCGGAATGCGCTCTGA-1,Layer3
TCGGACGCCCAGCCCA-1,Layer3
TCGGAGAGTATCGGGA-1,Layer5
TCGGAGTACATGAGTA-1,Layer3
TCGGCGAACCCAAACC-1,Layer4
TCGGCGTACTGCACAA-1,Layer5
TCGGCTTGTATCGACG-1,Layer5
TCGGGAACGTGCCTAG-1,Layer3
TCGGGAGACAGCGTAC-1,WM
TCGGGATTCAAACATA-1,Layer3
TCGGGCCGTCGTGGTA-1,Layer3
TCGGGTGAAACTGCTA-1,Layer3
TCGGTCCCGACAATAG-1,Layer6
TCGGTCCCTGACTCCA-1,Layer3
TCGGTTAGCCATGTAG-1,Layer3
TCGTAAGACGACATTG-1,Layer3
TCGTAAGCTCCGAGGA-1,Layer3
TCGTATAGTGCAATTA-1,Layer3
TCGTATTACCCATTGC-1,Layer3
TCGTATTTCGTCCGGA-1,Layer3
TCGTCAAGTACGCGCA-1,Layer6
TCGTCACACTGTTAGC-1,Layer3
TCGTCCGCTGGCGTCT-1,Layer3
TCGTCTTAGGCGTTAA-1,Layer5
TCGTGTACTATGGATG-1,Layer5
TCGTGTATTGGTCACG-1,Layer4
TCGTGTCACGCTGACA-1,Layer5
TCGTGTTCGACCACAA-1,Layer5
TCGTTAGGAGTCCCTA-1,Layer6
TCGTTCGTTATTATGT-1,Layer3
TCGTTGACAGGGTCCC-1,Layer3
TCGTTGCTATCCGGTC-1,Layer6
TCGTTGGCTCGTCAAT-1,Layer3
TCTAAAGAACAGTCTC-1,Layer5
TCTAACTGTATGTAAA-1,Layer3
TCTAATACTGCCTCAG-1,Layer6
TCTACACGTTCATGCA-1,Layer3
TCTACCCAATAGAGAG-1,Layer5
TCTACCGTCCACAAGC-1,Layer3
TCTAGCAATCTCCGCC-1,Layer5
TCTAGCATCTTCGATG-1,Layer3
TCTAGCATGCCCAGAA-1,Layer5
TCTAGGTGGCGACGCT-1,Layer3
TCTAGTGATATCGTGG-1,Layer3
TCTAGTTATCAGAAGA-1,Layer3
TCTATCATGCAGTTAC-1,Layer3
TCTATCGGTCGCAACA-1,Layer3
TCTATTACGCTGGCGA-1,Layer3
TCTATTACTAGAGGAT-1,Layer4
TCTCATGAGATAGGGT-1,Layer5
TCTCCAACGTAGGTTA-1,Layer3
TCTCCACAAGTTGAAT-1,Layer6
TCTCCCTGGGCAGCGT-1,Layer5
TCTCGAACGAGGTCAC-1,Layer3
TCTCGACGTATCGCCG-1,Layer3
TCTCGAGGAGGTTCGC-1,Layer4
TCTCGGCTCCAGGACT-1,Layer3
TCTCTAATAGCTGGTA-1,Layer3
TCTCTCGCCGCACATA-1,Layer5
TCTCTTACCGCGAACC-1,WM
TCTGAACCGGTCGGCT-1,Layer3
TCTGAACTCGTACCCG-1,Layer4
TCTGAAGCACGTGGTC-1,Layer5
TCTGAATTCCGTACAA-1,Layer3
TCTGACGGGCTAACCC-1,Layer3
TCTGAGCAATTGACTG-1,Layer4
TCTGATCGGGTGCTAG-1,Layer3
TCTGATGTATTCTGTC-1,Layer5
TCTGATTGGAAATGGA-1,Layer3
TCTGCACCATTAGTAA-1,Layer3
TCTGCAGATTCGAGTC-1,Layer3
TCTGCATACCTTGCTT-1,Layer5
TCTGCCAGAAACTGCA-1,Layer3
TCTGCGAATCGTTCGC-1,Layer3
TCTGCGTCCGGTTTCT-1,Layer3
TCTGGAGCGTAAGAGT-1,Layer3
TCTGGCCGTTCAAGTT-1,Layer3
TCTGGGAACCTTTGAA-1,Layer3
TCTGGGTAGCGCTCAT-1,Layer5
TCTGTCATACAAGAGC-1,Layer3
TCTGTGCCATCATAGT-1,Layer3
TCTGTTACCCAGCATA-1,Layer5
TCTTACAGAGGTACCG-1,Layer3
TCTTACCGGAACTCGT-1,Layer3
TCTTACGGCATCCGAC-1,Layer3
TCTTACTTATGCCTCT-1,Layer3
TCTTAGAGCTCCAATT-1,Layer3
TCTTAGAGTGAACTCT-1,Layer3
TCTTCCCATGGGCACA-1,Layer3
TCTTCGAATAGACGTT-1,Layer3
TCTTCGATACCAATAA-1,Layer3
TCTTCGCGGTGAGAGG-1,Layer5
TCTTCTATAACCCGCC-1,Layer3
TCTTGATGCGTAGCGA-1,Layer3
TCTTGCTCCCGATACT-1,WM
TCTTGGTAACACCAAA-1,Layer3
TCTTTAAGACTATGAA-1,Layer3
TCTTTAGAGTCTAACA-1,Layer3
TCTTTAGCAGGCGAAC-1,Layer3
TCTTTCCTTCGAGATA-1,Layer5
TCTTTCTCTTAAGGAG-1,Layer3
TGAAACTTATGCAAGC-1,Layer3
TGAAAGGACCTGACTC-1,Layer3
TGAACAAGCAGGGACT-1,WM
TGAAGAGCGGTCCTAG-1,Layer3
TGAAGTAGCTTACGGA-1,Layer3
TGAATGAGATACAGCA-1,Layer3
TGAATGAGTGTTTCCC-1,WM
TGAATGTCAGCCGGCC-1,Layer3
TGACAACGCATGTCGC-1,Layer3
TGACACTTCTCTTTGC-1,Layer3
TGACAGGACAAGTCCA-1,Layer5
TGACATATATGACGAT-1,Layer3
TGACATCGAGCGGACC-1,Layer3
TGACCAAATCTTAAAC-1,WM
TGACCAGCTTCAAAGT-1,Layer3
TGACCCACGTTAGACA-1,Layer3
TGACCCAGCATTCCCG-1,Layer3
TGACGAATATTTCCCT-1,Layer5
TGACGATGCACTAGAA-1,Layer3
TGACTATAATCCTTTC-1,Layer5
TGACTCCGAATCATAC-1,Layer6
TGAGAATGCTTTACCG-1,Layer3
TGAGAGATTTACCACG-1,Layer3
TGAGATCAAATACTCA-1,Layer3
TGAGATTAGGCCCTAA-1,Layer3
TGAGCCATACAGTCTC-1,Layer5
TGAGCGGAAAGTGTTC-1,Layer6
TGAGCTTTAATGACGC-1,Layer3
TGAGGAGTGCCAGCTT-1,WM
TGAGGCATGTACTGTG-1,Layer5
TGAGTAAATTAGCGTA-1,Layer5
TGAGTGCCTCTTAAAT-1,Layer5
TGAGTGGTCCGTGACG-1,Layer3
TGAGTTAAAGACATTC-1,Layer3
TGATACATTTAGCCGT-1,Layer6
TGATAGCGGGATTCTA-1,Layer3
TGATCAGGGAACTGCT-1,Layer5
TGATCCCAGCATTAGT-1,Layer3
TGATCGGTTTGACCCT-1,Layer3
TGATCTACGCTGATCT-1,Layer3
TGATCTCCGGCGCCAG-1,Layer3
TGATGGCTGTTTCTGA-1,Layer3
TGATGTCAATTAAGTG-1,Layer5
TGATTCAGGTCCCGCG-1,Layer5
TGATTCCCGGTTACCT-1,WM
TGATTCGTCTATCACT-1,Layer3
TGATTCTGTCGCCGGT-1,Layer5
TGATTTATTAGCTGTG-1,Layer4
TGATTTCCTCCTGACG-1,Layer3
TGCAACCCATCTGCGG-1,Layer6
TGCAAGAATGACGTAA-1,Layer3
TGCAATCTAACACGGT-1,Layer6
TGCACGAGTCGGCAGC-1,Layer3
TGCACTATGTGAGTGC-1,Layer3
TGCAGAACTATATCGT-1,Layer5
TGCAGAGTACCGAGCA-1,Layer4
TGCAGATCGTCCTAGG-1,Layer4
TGCAGCTACGTACTTC-1,Layer4
TGCAGGATCGGCAAAG-1,Layer3
TGCAGTTTCCTCCCAT-1,Layer3
TGCATATGTCTGTCAC-1,Layer3
TGCATGGATCGGATCT-1,Layer3
TGCATGGCAGTCTTGC-1,Layer3
TGCATGTGGTAATCTA-1,Layer3
TGCCAAAGTCAGACTT-1,Layer5
TGCCAATGGGTACTCT-1,Layer6
TGCCACCTGGCGAAAC-1,Layer3
TGCCAGTACGTGGAGA-1,Layer5
TGCCATGGCTTATAAG-1,Layer3
TGCCATTACTAAAGAA-1,Layer3
TGCCCGTACCGTTAAA-1,Layer4
TGCCGAAAGCGTATTC-1,Layer3
TGCCGGATGTACGAGC-1,WM
TGCCGTGGATCGTCCT-1,Layer6
TGCCTAATTGAAGATT-1,Layer5
TGCCTGACATCGGTCA-1,Layer3
TGCCTGATCAAACGAT-1,Layer3
TGCCTTGGCCAGGCAA-1,Layer5
TGCGAATATGGGATTT-1,Layer5
TGCGACACCCTAGTGC-1,Layer5
TGCGACGGCCGAACGT-1,WM
TGCGAGAATATTACCC-1,Layer5
TGCGATGCTAATGGCT-1,Layer3
TGCGCAAAGCATTTGG-1,Layer3
TGCGCCGTTAATAACG-1,Layer3
TGCGCGATTAACGGAG-1,Layer3
TGCGGAGTAAAGGTGC-1,Layer3
TGCGGCATAGTTCAAC-1,Layer3
TGCGGTGAAATTTCAT-1,Layer3
TGCGTAAGAACCTGAT-1,Layer5
TGCGTCATGACTGAGC-1,Layer5
TGCGTGATTGGGTGTC-1,Layer3
TGCGTTTGTTGACACT-1,Layer3
TGCTAAGTGTCTATTT-1,Layer5
TGCTATACAAACGGAC-1,Layer3
TGCTCCACAGTTCTTA-1,Layer3
TGCTCGGCGAAACCCA-1,Layer6
TGCTCGGTGGGTCACC-1,WM
TGCTCTGCCGGTTCAC-1,Layer3
TGCTCTTGAGAGTTTG-1,WM
TGCTGGTTGGACAATT-1,Layer3
TGCTGTTGAAGAACTC-1,Layer3
TGCTTAGAGAGAATGC-1,Layer6
TGCTTCCCAAGCAGTA-1,WM
TGCTTGAAACCATGCA-1,Layer3
TGGAACCACTGACACA-1,Layer3
TGGAAGAAGGGAACGT-1,Layer4
TGGAAGACGAACACCA-1,Layer3
TGGAAGGATAAAGATG-1,Layer3
TGGAATATCCTTGACC-1,Layer3
TGGAATTAGACGCTTT-1,Layer3
TGGACACCGTTGCTTG-1,Layer3
TGGACCAATCTAAGAT-1,Layer6
TGGACGCAATCCAGCC-1,Layer6
TGGACTGTTCGCTCAA-1,Layer3
TGGAGCTAAAGTTCCC-1,Layer3
TGGAGGGAAACACCTC-1,Layer3
TGGAGTGATGCGATGA-1,Layer3
TGGCAAACTAAATTAC-1,Layer5
TGGCAACTCGCGCGCC-1,Layer3
TGGCAAGCACAAGTCG-1,WM
TGGCAATGGGACGGCG-1,Layer5
TGGCACGAGCTCGAGT-1,Layer3
TGGCAGATTACGATCA-1,Layer5
TGGCAGCAGTAATAGT-1,Layer4
TGGCATGAAGTTTGGG-1,Layer5
TGGCCAAACTGAAGTA-1,Layer3
TGGCCAATTTGGTACT-1,Layer5
TGGCCGTATATTGACC-1,Layer3
TGGCGACTGCTCCAAA-1,Layer6
TGGCGATCAAGTTATG-1,Layer6
TGGCGGTGTGCGATTG-1,Layer3
TGGCTATGTGACATAC-1,Layer6
TGGCTCTTGTCGCGTA-1,Layer4
TGGCTTTGGGTAGACA-1,Layer3
TGGGAAATGCCTTTCC-1,Layer3
TGGGATGCACTCATTC-1,Layer3
TGGGCAATAGTTGGGT-1,Layer3
TGGGCACAAACAGAAC-1,Layer3
TGGGCACGTTCTATGG-1,Layer3
TGGGCAGGCCACCGCA-1,Layer4
TGGGCCACAAGAGCGC-1,Layer3
TGGGCCCATACTAATT-1,Layer4
TGGGTAAGGTTCCCGC-1,Layer3
TGGTAAGCAGGATTGA-1,Layer3
TGGTAGAATATATGGG-1,Layer4
TGGTATCGCATCCCAA-1,Layer3
TGGTATCGGTCTGTAT-1,Layer3
TGGTCCCACGCTACGG-1,Layer5
TGGTCGTTTGATAGAT-1,Layer3
TGGTCTAGCTTACATG-1,Layer3
TGGTCTGTTGGGCGTA-1,Layer4
TGGTGATCGTATTTGT-1,Layer3
TGGTTAACTTACATTT-1,Layer6
TGGTTAAGGGCGCTGG-1,Layer3
TGGTTATGCTTGCGGT-1,Layer3
TGGTTCAACGGGTAAT-1,Layer5
TGGTTCGTAGCAAAGG-1,Layer3
TGGTTGGAGGATCCTG-1,Layer3
TGGTTTAAACGTGGGT-1,Layer3
TGTAATGACCACAATA-1,Layer3
TGTAATGCCTTCGGAC-1,Layer3
TGTACCTACACGAGGG-1,Layer5
TGTACGAACAAATCCG-1,Layer4
TGTACTACTCTCACGG-1,Layer3
TGTACTGTGCCAAAGT-1,Layer3
TGTAGGAGAAATTTCC-1,Layer3
TGTAGTGATCTATAAT-1,Layer3
TGTATAACAGATCCTG-1,Layer3
TGTATACGGATGATGA-1,Layer3
TGTATCCTTATTCCAT-1,Layer3
TGTATGGCGCAGACAG-1,Layer3
TGTCATTTGTTGGGAA-1,Layer3
TGTCCCGACATAGCAC-1,Layer3
TGTCCGTGGCGCCTTT-1,Layer3
TGTCCTAAGTCACCGC-1,Layer3
TGTCGGCATGGTGGAA-1,Layer3
TGTCGTTATCACATAT-1,Layer6
TGTCTACAGTTTCTGT-1,Layer3
TGTGACTACGCCAGTC-1,Layer3
TGTGAGACTAGCCCAA-1,WM
TGTGCCGGTGCCGGAA-1,Layer5
TGTGCTTTACGTAAGA-1,Layer3
TGTGGCAAAGCGTATG-1,Layer3
TGTGGCGGGCTTCTGG-1,WM
TGTGGCTCCCACCAAC-1,Layer3
TGTGGTTGCTAAAGCT-1,WM
TGTGTAGTAGCACGTG-1,Layer5
TGTGTCGCGAGTTGCA-1,Layer3
TGTGTTCGTATCCAAG-1,Layer3
TGTTATTGTATGTGGC-1,Layer3
TGTTCATAAATGTGCT-1,Layer3
TGTTCCGCTTCCATGA-1,Layer3
TGTTCGTATTGCGGTG-1,Layer5
TGTTCTTCCATTGACT-1,Layer3
TGTTGCCGTCGTCCCA-1,Layer3
TGTTGTCAAGAAGTCT-1,Layer3
TGTTTAATACTTCATC-1,Layer3
TGTTTCGGTACTTCTC-1,Layer3
TGTTTGAGATCGTCAG-1,Layer3
TTAAACAGAGTCCCGC-1,Layer3
TTAAACCGGTAGCGAC-1,Layer3
TTAAACCTGGTTCCTT-1,Layer3
TTAAACTCGAATTCAT-1,Layer3
TTAACACCTCGAACAT-1,Layer3
TTAACCAACCCTCCCT-1,Layer3
TTAACGAACAAGCAGT-1,Layer3
TTAACGTCGCAAGACC-1,Layer3
TTAACGTTAAAGCCTG-1,Layer3
TTAACTCACGCGTGGA-1,Layer3
TTAACTTCAGGTAGGA-1,Layer5
TTAAGACGAACGAACC-1,Layer3
TTAAGATAGGATTGAC-1,Layer3
TTAAGCCGACAACTTC-1,Layer3
TTAAGCGCCTGACCCA-1,Layer3
TTAAGGATACGGAGGT-1,Layer3
TTAAGGCCCGTACTTT-1,Layer6
TTAAGTATTGTTATCC-1,Layer6
TTAATCAGTACGTCAG-1,Layer3
TTAATGCGAGGTAACT-1,Layer3
TTAATGTAGACCAGGT-1,Layer3
TTAATTGCTTTGGGTG-1,WM
TTAATTTCAGACGCGG-1,Layer3
TTACAACTACGCATCC-1,Layer3
TTACAGACCTAAATGA-1,Layer3
TTACATCGTGGCCTGG-1,Layer3
TTACATGCCACAACTA-1,Layer3
TTACCATTGATTACCC-1,Layer3
TTACCCATTGCCGGGT-1,Layer3
TTACCCTAACAGTCCT-1,Layer3
TTACCCTAGGGATTGG-1,WM
TTACCGCCTTAGGGAA-1,Layer3
TTACGGATGGTTCGAG-1,Layer3
TTACGTAGCGCGTGCT-1,Layer3
TTACTAAAGGACTTTA-1,Layer5
TTACTATCGGCTTCTC-1,Layer3
TTACTCCGGCCGGGAA-1,Layer3
TTACTCTGGTACGTAC-1,Layer5
TTACTGGGATATTTCA-1,Layer5
TTACTGTCTAGAGCTC-1,Layer3
TTACTGTTTCTCTACG-1,Layer3
TTAGAAGAACATGACT-1,Layer6
TTAGAATAAGGGTCGG-1,WM
TTAGACACGATCGTTG-1,Layer3
TTAGACGAGTCACCTC-1,Layer5
TTAGAGTTTAGAAGGA-1,Layer4
TTAGATAGGTCGATAC-1,Layer3
TTAGCAACATGGATGT-1,Layer3
TTAGCTAATACGATCT-1,Layer3
TTAGCTCTGTAATCCG-1,Layer3
TTAGCTGATTTGCCGT-1,Layer3
TTAGGTCATAACCGAC-1,WM
TTAGTAAACCTGCTCT-1,Layer6
TTAGTAGGGCGGCGGG-1,Layer3
TTAGTTATTCGTGGCA-1,Layer4
TTAGTTCAAGTGTTCG-1,Layer3
TTATAGATGCACATTA-1,Layer3
TTATAGGTAATTGTCT-1,WM
TTATATACGCTGTCAC-1,Layer3
TTATATTTGGCAATCC-1,Layer3
TTATCCAATCGAACTC-1,Layer3
TTATCCGGGATCTATA-1,Layer5
TTATCCTCAAGGAATA-1,Layer5
TTATCGCCTGCGAAGC-1,Layer3
TTATCTGACATTAGGA-1,Layer4
TTATCTGTATCATAAC-1,Layer3
TTATGAATGAAAGGGA-1,Layer4
TTATGACAAACTGGAT-1,Layer3
TTATGATCTTAACGAA-1,Layer3
TTATGCGTCCCGGTCC-1,Layer3
TTATGTTTGCGATAGA-1,Layer3
TTATTAGAGCGTGTTC-1,Layer5
TTATTAGGGAAGCATC-1,Layer3
TTATTATCTGGAAGGC-1,Layer4
TTCAAAGTCTCTAGCC-1,Layer3
TTCAACGACCCGACCG-1,Layer3
TTCAAGCCGAGCTGAG-1,Layer3
TTCAATACTCTGAATC-1,Layer3
TTCAATTAGCCATAAT-1,Layer3
TTCACGAAAGGATCAC-1,Layer4
TTCACTCGAGCACCTA-1,Layer6
TTCAGCCCTGGTCCAC-1,Layer4
TTCAGCTGGCGTGCCC-1,Layer5
TTCAGGCGTCAAAGCC-1,Layer3
TTCAGTTTGTGGCAGC-1,Layer3
TTCATGGCGCAACAGG-1,Layer3
TTCCAATCAGAGCTAG-1,Layer3
TTCCAATCTGGCTATC-1,Layer5
TTCCACACAGATTTGA-1,Layer5
TTCCAGACGAGATTTA-1,Layer3
TTCCATCATGCGGTGA-1,Layer3
TTCCATCGACAGCGTG-1,Layer5
TTCCCGACGCTTCACT-1,Layer3
TTCCCGGCGCCAATAG-1,Layer5
TTCCGCAGAGAAATAT-1,Layer3
TTCCGCGTGAGGCGAT-1,Layer5
TTCCGGCCTTGAGGCT-1,Layer6
TTCCGGTATCTGTGTC-1,Layer3
TTCCGGTTACCCACTT-1,Layer4
TTCCTCGAGGGTGTCT-1,Layer3
TTCCTCGGACTAACCA-1,Layer5
TTCCTCTGCCCGAATA-1,Layer3
TTCCTTTCTGTGTTGC-1,Layer3
TTCGACAGAGCCCGTG-1,Layer5
TTCGACGGGAAGGGCG-1,Layer3
TTCGCACTCGCGTGCT-1,Layer3
TTCGCACTGTACGACA-1,WM
TTCGCATCCGGAAGCA-1,Layer3
TTCGCCGCTCGCGCTA-1,Layer5
TTCGCGCGCCATACGA-1,WM
TTCGCTAGGAAGTTGT-1,Layer3
TTCGCTATCTGACGTG-1,Layer3
TTCGGACTGATGCCTT-1,Layer3
TTCGGACTGGGCATGG-1,
TTCGGCAACCCGCTGA-1,Layer3
TTCGGCTAGAGATGGT-1,Layer3
TTCGGGACTAATCGCG-1,Layer3
TTCGGGCGCTAGTCTT-1,Layer6
TTCGGTGGAGACGCCC-1,Layer3
TTCGTAATCCCAGCGG-1,Layer3
TTCGTACTCCAGAACG-1,Layer3
TTCGTTCAACGAAGTT-1,Layer3
TTCTAACCGAAGCTTA-1,Layer3
TTCTACCTCAATCGGT-1,
TTCTACCTTTATGTTG-1,Layer3
TTCTACTTGCGAGGGC-1,Layer3
TTCTAGAAAGTCTTAT-1,WM
TTCTAGGCCAATTGTG-1,Layer3
TTCTATGCCTTTCGCA-1,Layer3
TTCTGACCGGGCTCAA-1,Layer5
TTCTGCCGCGCCTAGA-1,Layer5
TTCTGCGAGCGCCCTT-1,Layer3
TTCTGCGGGTTAGCGG-1,Layer3
TTCTGCTAGACTCCAA-1,Layer3
TTCTGTTTCCTGTCGC-1,Layer3
TTCTTAGTGAACGGTG-1,Layer3
TTCTTAGTGGCTCAGA-1,Layer3
TTCTTATCCGCTGGGT-1,Layer4
TTCTTCCCTTTGATAT-1,Layer3
TTCTTGAGCCGCGCTA-1,Layer5
TTCTTGCTAGCATCTC-1,Layer3
TTCTTGGACGATCTGC-1,Layer5
TTCTTGGAGTAATGAG-1,Layer3
TTCTTGTAACCTAATG-1,Layer3
TTCTTGTGTCCATCAG-1,Layer3
TTCTTTGGTCGCGACG-1,Layer3
TTGAACGAATCCTTTG-1,Layer3
TTGAACGACGTGCTGA-1,Layer6
TTGAAGAATTCCCAGG-1,Layer3
TTGAAGGATGGGCGCC-1,Layer6
TTGAATATGGACTTTC-1,Layer3
TTGAATCGTTGTATAA-1,Layer5
TTGAATTCACGTGAGG-1,Layer3
TTGACAGGAGCTCCCG-1,Layer3
TTGACATGAACGTGGA-1,Layer5
TTGACCAGGAACAACT-1,WM
TTGACCATGTTCTCCG-1,Layer3
TTGACCGTGTTAATGA-1,Layer5
TTGACGATTCAGCACG-1,Layer3
TTGACGCTCCATGAGC-1,Layer3
TTGACTACCATATGGT-1,Layer5
TTGACTATTGTCCGGC-1,Layer3
TTGAGAAGTTTAGCAT-1,Layer5
TTGAGAGTACTGCTAA-1,Layer5
TTGAGCAGCCCACGGT-1,Layer3
TTGAGCGCCACGTGAT-1,Layer3
TTGAGGCATTTAACTC-1,Layer3
TTGAGTCCCGCTGCTG-1,Layer3
TTGATAGTCAATACAT-1,Layer3
TTGATCTAACTTTGTC-1,Layer3
TTGATGTGTAGTCCCG-1,Layer3
TTGATTAGCTGTTTCT-1,Layer5
TTGATTATGCAGATGA-1,Layer3
TTGCACAATTCAGAAA-1,Layer5
TTGCACGGAGCAGCAC-1,Layer3
TTGCATGCTGATCACG-1,Layer5
TTGCCAAGCAGAACCC-1,Layer3
TTGCCATAGCCCGCTC-1,Layer5
TTGCCCTGATCACGGG-1,Layer4
TTGCCGCAGACCTACA-1,Layer6
TTGCCGCTTTCTAGTA-1,WM
TTGCCGGTGATCCCTC-1,Layer3
TTGCGCTCTCTCGCTT-1,Layer3
TTGCGGCATCAGAAAG-1,Layer6
TTGCGGCGACTCATGC-1,Layer3
TTGCGTAGTTTGAGGA-1,Layer3
TTGCGTCGGCCAACCG-1,Layer5
TTGCGTGAACGCTTAG-1,Layer3
TTGCTCCCATACCGGA-1,Layer3
TTGCTGAAGGAACCAC-1,Layer3
TTGCTGATCATGTTCG-1,Layer3
TTGCTGCACCTATCCA-1,Layer3
TTGCTGGCCGGGCTTC-1,Layer3
TTGGAAGAATACAGTC-1,Layer5
TTGGACATGTGGCTTA-1,Layer5
TTGGACCATCTGGCAA-1,Layer4
TTGGACCTATAACAGT-1,Layer5
TTGGAGTCTCCCTTCT-1,Layer3
TTGGATATCGTCTACG-1,Layer5
TTGGATCGACTTCTGG-1,Layer3
TTGGATTGGGTACCAC-1,Layer3
TTGGCCATCTTGCGCT-1,Layer3
TTGGCCTAGAATTTCG-1,Layer3
TTGGCGATCCGAATAT-1,Layer3
TTGGCTCGCATGAGAC-1,Layer3
TTGGGACACTGCCCGC-1,Layer3
TTGGGACGTAAGAGTT-1,Layer4
TTGGGCGGCGGTTGCC-1,Layer3
TTGGGTTTATTCAGCG-1,Layer3
TTGGTATGGCTTGTGT-1,Layer3
TTGGTCACACTCGTAA-1,Layer5
TTGGTTCGCTCAAAGG-1,Layer3
TTGGTTGCGGTGCGCG-1,Layer5
TTGTAAGGACCTAAGT-1,Layer5
TTGTAAGGCCAGTTGG-1,Layer3
TTGTAATCCGTACTCG-1,Layer3
TTGTATCACACAGAAT-1,Layer3
TTGTCGTTCAGTTACC-1,Layer3
TTGTGAACCTAATCCG-1,Layer5
TTGTGAGGCATGACGC-1,Layer4
TTGTGCAGCCACGTCA-1,WM
TTGTGGCCCTGACAGT-1,Layer3
TTGTGGTAGGAGGGAT-1,Layer5
TTGTGGTATAGGTATG-1,Layer3
TTGTGGTGGTACTAAG-1,Layer6
TTGTGTATGCCACCAA-1,Layer6
TTGTGTTTCCCGAAAG-1,Layer6
TTGTTAGCAAATTCGA-1,Layer3
TTGTTCAGTGTGCTAC-1,Layer3
TTGTTGTGTGTCAAGA-1,Layer3
TTGTTTCACATCCAGG-1,WM
TTGTTTCATTAGTCTA-1,Layer6
TTGTTTCCATACAACT-1,Layer5
TTGTTTGTGTAAATTC-1,Layer3
